[{"model": "contenttypes.contenttype", "pk": 1, "fields": {"app_label": "admin", "model": "logentry"}}, {"model": "contenttypes.contenttype", "pk": 2, "fields": {"app_label": "auth", "model": "permission"}}, {"model": "contenttypes.contenttype", "pk": 3, "fields": {"app_label": "auth", "model": "group"}}, {"model": "contenttypes.contenttype", "pk": 4, "fields": {"app_label": "auth", "model": "user"}}, {"model": "contenttypes.contenttype", "pk": 5, "fields": {"app_label": "contenttypes", "model": "contenttype"}}, {"model": "contenttypes.contenttype", "pk": 6, "fields": {"app_label": "sessions", "model": "session"}}, {"model": "contenttypes.contenttype", "pk": 7, "fields": {"app_label": "articles", "model": "article"}}, {"model": "contenttypes.contenttype", "pk": 8, "fields": {"app_label": "articles", "model": "series"}}, {"model": "contenttypes.contenttype", "pk": 9, "fields": {"app_label": "articles", "model": "tag"}}, {"model": "contenttypes.contenttype", "pk": 10, "fields": {"app_label": "articles", "model": "author"}}, {"model": "contenttypes.contenttype", "pk": 11, "fields": {"app_label": "articles", "model": "modelwithimages"}}, {"model": "sessions.session", "pk": "3bb5yw0xjvet13fikksinpo0c8r0jdci", "fields": {"session_data": "Zjg3OTBlY2JlZDU5MjRmY2UwOWY5MDBkNmU3MDJlNGMzY2M2NjM3Yzp7Il9hdXRoX3VzZXJfaWQiOiIxIiwiX2F1dGhfdXNlcl9iYWNrZW5kIjoiZGphbmdvLmNvbnRyaWIuYXV0aC5iYWNrZW5kcy5Nb2RlbEJhY2tlbmQiLCJfYXV0aF91c2VyX2hhc2giOiJmMmUyMjMxNjhjZTVlNzg3MjJlMmViNWQ2ZmJlNDhjMGQ3ZTM1NzZkIn0=", "expire_date": "2018-08-13T20:09:11.968Z"}}, {"model": "sessions.session", "pk": "fv85pgk34plozun3ituimyn2qb8ti0wo", "fields": {"session_data": "Zjg3OTBlY2JlZDU5MjRmY2UwOWY5MDBkNmU3MDJlNGMzY2M2NjM3Yzp7Il9hdXRoX3VzZXJfaWQiOiIxIiwiX2F1dGhfdXNlcl9iYWNrZW5kIjoiZGphbmdvLmNvbnRyaWIuYXV0aC5iYWNrZW5kcy5Nb2RlbEJhY2tlbmQiLCJfYXV0aF91c2VyX2hhc2giOiJmMmUyMjMxNjhjZTVlNzg3MjJlMmViNWQ2ZmJlNDhjMGQ3ZTM1NzZkIn0=", "expire_date": "2018-02-27T17:03:16.055Z"}}, {"model": "sessions.session", "pk": "qlzr5g54jc6yfto7yema56d5zsv8sgg5", "fields": {"session_data": "Zjg3OTBlY2JlZDU5MjRmY2UwOWY5MDBkNmU3MDJlNGMzY2M2NjM3Yzp7Il9hdXRoX3VzZXJfaWQiOiIxIiwiX2F1dGhfdXNlcl9iYWNrZW5kIjoiZGphbmdvLmNvbnRyaWIuYXV0aC5iYWNrZW5kcy5Nb2RlbEJhY2tlbmQiLCJfYXV0aF91c2VyX2hhc2giOiJmMmUyMjMxNjhjZTVlNzg3MjJlMmViNWQ2ZmJlNDhjMGQ3ZTM1NzZkIn0=", "expire_date": "2018-03-02T15:37:06.548Z"}}, {"model": "articles.author", "pk": 1, "fields": {"name": "Barry Bluejeans", "bio": "He has the best jeans.", "image_raw": "uploads/tumblr_owm5poohjb1rfxqtdo1_500.png", "image_thumbnail": "uploads/tumblr_owm5poohjb1rfxqtdo1_500_thumbnail.png", "image_thumbnail_transparent": "uploads/tumblr_owm5poohjb1rfxqtdo1_500_thumbnail_transparent.png", "image_full": "uploads/tumblr_owm5poohjb1rfxqtdo1_500_full.png", "slug": "barry-bluejeans"}}, {"model": "articles.series", "pk": 1, "fields": {"name": "misc", "description": "Don't even know what this is for.", "slug": "misc", "image_raw": "", "image_thumbnail": "", "image_thumbnail_transparent": "", "image_full": "", "latest_article_date": "2018-02-13T17:05:08.720Z"}}, {"model": "articles.series", "pk": 2, "fields": {"name": "about", "description": "Stuff all about the site.", "slug": "about", "image_raw": "uploads/firefox_grey.png", "image_thumbnail": "uploads/firefox_grey_thumbnail.png", "image_thumbnail_transparent": "uploads/firefox_grey_thumbnail_transparent.png", "image_full": "uploads/firefox_grey_full.png", "latest_article_date": "2018-08-02T16:41:02Z"}}, {"model": "articles.series", "pk": 3, "fields": {"name": "ignore", "description": "series for articles that aren't to be printed", "slug": "ignore", "image_raw": "", "image_thumbnail": "", "image_thumbnail_transparent": "", "image_full": "", "latest_article_date": "2018-02-16T17:50:49.231Z"}}, {"model": "articles.series", "pk": 4, "fields": {"name": "lorem", "description": "Articles of just lorem ipsum", "slug": "lorem", "image_raw": "uploads/small-kitten-walking-towards_127900829_0.jpg", "image_thumbnail": "uploads/small-kitten-walking-towards_127900829_0_thumbnail.png", "image_thumbnail_transparent": "uploads/small-kitten-walking-towards_127900829_0_thumbnail_transparent.png", "image_full": "uploads/small-kitten-walking-towards_127900829_0_full.png", "latest_article_date": "2018-02-20T16:45:34.916Z"}}, {"model": "articles.series", "pk": 5, "fields": {"name": "latin", "description": "----", "slug": "latin", "image_raw": "", "image_thumbnail": "", "image_thumbnail_transparent": "", "image_full": "", "latest_article_date": "2018-07-31T21:11:18Z"}}, {"model": "articles.series", "pk": 6, "fields": {"name": "other", "description": "---", "slug": "other", "image_raw": "", "image_thumbnail": "", "image_thumbnail_transparent": "", "image_full": "", "latest_article_date": "2018-02-20T16:52:26.003Z"}}, {"model": "articles.series", "pk": 7, "fields": {"name": "numbers", "description": "Numbers I guess?", "slug": "numbers", "image_raw": "", "image_thumbnail": "", "image_thumbnail_transparent": "", "image_full": "", "latest_article_date": "2018-08-02T19:24:43Z"}}, {"model": "articles.series", "pk": 8, "fields": {"name": "more", "description": "more stuffs", "slug": "more", "image_raw": "uploads/firefox_grey.png", "image_thumbnail": "uploads/firefox_grey_thumbnail.png", "image_thumbnail_transparent": "uploads/firefox_grey_thumbnail_transparent.png", "image_full": "uploads/firefox_grey_full.png", "latest_article_date": "2020-10-01T20:30:53Z"}}, {"model": "articles.series", "pk": 9, "fields": {"name": "blank series", "description": "This series should never have anything in it.", "slug": "blank-series", "image_raw": "", "image_thumbnail": "", "image_thumbnail_transparent": "", "image_full": "", "latest_article_date": null}}, {"model": "articles.series", "pk": 10, "fields": {"name": "Wyverns and Whimsy", "description": "I play Dungeons & Dragons with my friend and record the games. They can be listened to here.", "slug": "wyverns-and-whimsy", "image_raw": "", "image_thumbnail": "", "image_thumbnail_transparent": "", "image_full": "", "latest_article_date": "2018-08-02T16:06:22Z"}}, {"model": "articles.tag", "pk": 1, "fields": {"name": "idk"}}, {"model": "articles.tag", "pk": 2, "fields": {"name": "about"}}, {"model": "articles.tag", "pk": 3, "fields": {"name": "lorem"}}, {"model": "articles.tag", "pk": 4, "fields": {"name": "ipsum"}}, {"model": "articles.tag", "pk": 5, "fields": {"name": "latin"}}, {"model": "articles.tag", "pk": 6, "fields": {"name": "d&d"}}, {"model": "articles.tag", "pk": 7, "fields": {"name": "w&w"}}, {"model": "articles.tag", "pk": 8, "fields": {"name": "wyverns"}}, {"model": "articles.tag", "pk": 9, "fields": {"name": "whimsy"}}, {"model": "articles.tag", "pk": 10, "fields": {"name": "dungeons"}}, {"model": "articles.tag", "pk": 11, "fields": {"name": "dragons"}}, {"model": "articles.article", "pk": 1, "fields": {"title": "This is a test article", "slug": "this-is-a-test-article", "content": "This article has no real content. It is quite short and is only for testing. Some lorem ipsum follows.\r\n\r\norem ipsum dolor sit amet, consectetur adipiscing elit. Aliquam sodales pharetra faucibus. Pellentesque ullamcorper, nunc non imperdiet dictum, magna massa sodales augue, nec tincidunt felis mauris ac ligula. Aenean imperdiet varius condimentum. Vivamus nec tristique libero. Duis non orci ac sem efficitur consequat sit amet sed arcu. Maecenas nulla magna, aliquet vel accumsan sed, molestie ut libero. Phasellus ultricies varius nisl ac tristique. Curabitur sed aliquam sapien. Quisque dictum, nulla vitae blandit viverra, augue tellus dapibus justo, pulvinar posuere ipsum dui non odio. Aliquam vulputate vitae tortor porta semper. Nunc ut accumsan nisi. EDIT YO.\r\n\r\nAenean suscipit mattis risus tempus rutrum. Curabitur interdum arcu quis urna dictum, sit amet auctor purus euismod. Praesent nec sapien velit. Etiam pretium vehicula magna ac dignissim. Sed nec mollis magna, non placerat eros. Fusce eget diam blandit diam feugiat sagittis. Proin faucibus, quam a accumsan euismod, eros ligula rhoncus dolor, faucibus viverra neque diam in orci. Mauris lectus arcu, faucibus vitae urna eget, placerat efficitur eros. Quisque vel eros eget velit interdum tristique. Etiam dictum pellentesque tempor.\r\n\r\nNam sed lectus at urna dapibus convallis. Orci varius natoque penatibus et magnis dis parturient montes, nascetur ridiculus mus. Duis vehicula nulla eget nulla eleifend tempus. Quisque metus ligula, vulputate eu nisl a, bibendum viverra ex. Integer viverra a eros quis viverra. Curabitur auctor velit elit, id efficitur nulla blandit et. Vestibulum aliquam congue vehicula. Duis iaculis sit amet ex eget euismod. Curabitur ex magna, dapibus nec congue ut, facilisis a felis. Cras ac condimentum ligula, ac rutrum ex. Vivamus vel pulvinar ipsum. Sed et felis ut diam consequat ullamcorper. Quisque lacinia, sem ut varius tempor, ipsum nisl dictum ligula, eget gravida urna sem vitae tellus. Duis felis eros, mattis eget tempor vitae, rhoncus sit amet sapien. Curabitur aliquet leo vel nunc condimentum, et fringilla elit mollis. Donec vestibulum ipsum a feugiat ornare.\r\n\r\nPhasellus mi nunc, scelerisque ut blandit in, vestibulum sed justo. Sed posuere sapien erat, eget pharetra ante mattis ac. Nam non ex at risus tempor volutpat. Aliquam id ipsum dui. Suspendisse mi sem, maximus sed quam eu, bibendum pulvinar odio. Suspendisse potenti. In posuere efficitur mi in auctor. Donec diam enim, ultrices vel velit euismod, aliquet mollis purus.\r\n\r\nCurabitur ac bibendum arcu. Aenean ac enim dignissim, hendrerit odio sed, accumsan arcu. Donec at tincidunt nulla. Praesent in vulputate ante, ut dictum libero. Duis in mauris eget elit accumsan egestas a quis lorem. Integer volutpat convallis varius. Ut nec feugiat nisi. Praesent vitae odio aliquet est posuere commodo quis hendrerit ligula. Morbi quis vulputate quam. Proin non leo ac diam dignissim suscipit ac id urna. Aenean ultricies ultrices efficitur.", "shortline": "A test article with no real content", "author": 1, "publish_date": "2018-02-13T17:05:08.720Z", "date_modified": "2018-08-08T13:26:44.334Z", "date_created": "2018-02-14T16:12:49.610Z", "series": 1, "image_raw": "", "image_thumbnail": "", "image_thumbnail_transparent": "", "image_full": "", "audio": "", "enabled": true, "tags": [1]}}, {"model": "articles.article", "pk": 2, "fields": {"title": "SECOND ARTICLE", "slug": "second-article", "content": "title = models.CharField(max_length=200, unique=True)\r\n    slug = models.SlugField(help_text=\"Slugs are short versions of the title used for URLs\")\r\n    content = models.TextField()\r\n    shortline = models.CharField(max_length=200, help_text=\"A short summary to show in the sidebar and under the article title\")\r\n    author = models.ForeignKey('Author', on_delete=models.SET_NULL, null=True)\r\n    date_posted = models.DateTimeField(default=timezone.now)\r\n    date_modified = models.DateTimeField(auto_now=True, editable=False)\r\n    date_created = models.DateTimeField(auto_now_add=True)\r\n    series = models.ForeignKey('Series', on_delete=models.SET_DEFAULT, default=0)\r\n    tags = models.ManyToManyField('Tag')\r\n    image = models.ImageField(upload_to=\"uploads/\", blank=True)\r\n    enabled = models.BooleanField(default=True)", "shortline": "The second article to be hosted on the test site, this article also says nothing of note", "author": 1, "publish_date": "2018-02-15T17:43:44.138Z", "date_modified": "2018-08-08T13:26:44.330Z", "date_created": "2018-02-15T17:43:44.143Z", "series": 2, "image_raw": "", "image_thumbnail": "", "image_thumbnail_transparent": "", "image_full": "", "audio": "", "enabled": true, "tags": [2]}}, {"model": "articles.article", "pk": 3, "fields": {"title": "Welcome!", "slug": "welcome", "content": "<p>Welcome to my site!<br><br>\r\n\r\nI am John Clubb, and this page is my personal site. I use it to host certain projects: articles I write, projects I've worked on, etc. Many of the articles are simply about things that interest me, from linguistics to game design to things my friends say.<br><br>\r\n\r\nThis site also doubles as a personal portfolio, as every aspect of it has been built by me from the ground up. I control the webserver directly, I installed and configured Nginx on it personally, I run email through it (which I also configured myself), the site runs through a Django project I built, and so and so forth. You can read more about the tool stack <a href=\"#\">**HERE**</a>.<br><br>\r\n\r\nThis has been a labor of love long in the making, and I am very proud to have it live finally. Please feel free to check out any the pages here, read any of the articles, or check out my work. I also have some contact information at the bottom if you want to look me up that way. rabble rabble</p>", "shortline": "The site is finally live! Lots of hard work, and even more trial and error, has been put into bringing it to life.", "author": 1, "publish_date": "2018-02-16T15:47:32.763Z", "date_modified": "2018-08-08T13:26:44.325Z", "date_created": "2018-02-16T15:47:32.769Z", "series": 2, "image_raw": "", "image_thumbnail": "", "image_thumbnail_transparent": "", "image_full": "", "audio": "", "enabled": true, "tags": [2]}}, {"model": "articles.article", "pk": 4, "fields": {"title": "Disabled Article", "slug": "disabled-article", "content": "---", "shortline": "This article should not display", "author": 1, "publish_date": "2018-02-16T17:50:49.231Z", "date_modified": "2018-08-08T13:26:44.321Z", "date_created": "2018-02-16T17:50:49.236Z", "series": 3, "image_raw": "", "image_thumbnail": "", "image_thumbnail_transparent": "", "image_full": "", "audio": "", "enabled": false, "tags": [2]}}, {"model": "articles.article", "pk": 5, "fields": {"title": "Lorem1", "slug": "lorem1", "content": "<p>Lorem ipsum dolor sit amet, consectetur adipiscing elit. Suspendisse eget libero vitae lorem malesuada euismod nec vel nisi. Duis ut turpis sit amet purus sollicitudin aliquet ut eget tortor. Aliquam non scelerisque justo, quis hendrerit nisl. Quisque sed porttitor velit. Mauris volutpat vehicula tristique. Aenean maximus congue metus at facilisis. Mauris a risus ex. Duis mi nisl, lobortis vel finibus ac, venenatis eu diam. Nam feugiat lorem orci, consequat vehicula ligula maximus non. Fusce sodales est eu est suscipit sodales. Morbi dignissim arcu ac gravida fermentum. Phasellus euismod sed erat vel mollis. Mauris consectetur elementum volutpat. Pellentesque habitant morbi tristique senectus et netus et malesuada fames ac turpis egestas. Sed sem justo, dictum vel augue a, malesuada commodo odio. Etiam mi magna, faucibus at erat et, rhoncus faucibus felis.<br><br>\r\n\r\nProin ut facilisis nibh. Maecenas velit elit, condimentum sollicitudin leo eu, placerat lobortis nisl. Proin nulla lacus, congue sit amet ante id, feugiat finibus arcu. Mauris id laoreet odio. Etiam at magna id tellus efficitur porta et et diam. Donec pharetra justo sit amet mauris viverra blandit. Curabitur malesuada auctor nisl non tristique. Nunc non scelerisque diam. Aenean eu maximus magna, sit amet tincidunt massa. Integer eget tortor tortor. Fusce sit amet augue ac felis gravida ultrices.<br><br>\r\n\r\nQuisque nec lacus efficitur, consequat odio sed, vehicula lacus. Pellentesque risus augue, tincidunt ac libero quis, maximus iaculis eros. Nunc vel nisl ut magna accumsan bibendum sed quis turpis. Aliquam non ornare neque, et viverra metus. Vestibulum ut elit et orci hendrerit sagittis sed a mi. Nullam eleifend, nunc in convallis sollicitudin, erat massa finibus quam, vel aliquam arcu neque sed nisl. Donec scelerisque posuere nisi ut facilisis. Maecenas nec ante sed nisi dignissim mattis.<br><br>\r\n\r\nSed felis arcu, ornare non diam molestie, sagittis tempor velit. Ut ullamcorper augue mauris, a volutpat massa finibus non. Curabitur feugiat sem vitae dictum porttitor. Aliquam erat volutpat. Vivamus lorem purus, faucibus in condimentum et, pellentesque ut neque. Maecenas porta enim sit amet ex auctor, varius eleifend ante varius. Integer consectetur quam blandit est ullamcorper, in pellentesque ipsum pharetra.<br><br>\r\n\r\nInteger in quam lectus. Integer a tempor sem. Pellentesque habitant morbi tristique senectus et netus et malesuada fames ac turpis egestas. Ut suscipit commodo semper. Suspendisse lacus metus, malesuada et ante quis, rutrum ullamcorper mauris. Nulla suscipit ipsum et nulla fringilla, id pretium ligula malesuada. Vestibulum dapibus nisl vitae sagittis posuere. Quisque tortor purus, auctor quis fringilla at, molestie nec massa. Sed id convallis magna.<br><br>\r\n\r\nMauris vitae lacus quam. Quisque interdum ornare eleifend. Etiam erat diam, convallis at nunc ac, aliquet porttitor odio. Sed pharetra, diam quis euismod sodales, velit odio aliquet elit, a ornare enim turpis ac felis. Sed tempor nibh ac felis elementum, sit amet porttitor sapien viverra. Vestibulum hendrerit leo in velit eleifend tincidunt. Pellentesque tincidunt ac neque et egestas. Proin tincidunt dapibus maximus. Aenean venenatis risus libero, quis dictum enim efficitur vitae. Mauris imperdiet quam a orci feugiat, eu tristique odio faucibus. Aliquam erat volutpat. Sed ut arcu tellus. Integer varius sapien eu laoreet sollicitudin. Suspendisse tincidunt dui fringilla augue molestie, eget semper augue condimentum. Integer vitae vehicula ex, eu ornare lectus.<br><br>\r\n\r\nNunc rutrum in elit id convallis. Pellentesque ac felis convallis libero rutrum consequat. Suspendisse iaculis tincidunt turpis, id cursus ex mattis a. Curabitur egestas eleifend risus, sed pulvinar est. Pellentesque convallis dapibus justo, eget euismod arcu egestas eget. Curabitur felis massa, mollis a velit id, viverra iaculis eros. Integer posuere sapien vel ante ultrices, eu vestibulum elit scelerisque. Aliquam at eros sagittis, commodo turpis eget, auctor lectus. Mauris quis molestie turpis. Cras et turpis vel nibh fringilla condimentum. Integer interdum, quam ac suscipit hendrerit, nulla tellus porttitor enim, sit amet ultricies urna nulla eu odio. Proin volutpat quis dui eget condimentum. Nulla facilisi. Integer et viverra massa.<br><br>\r\n\r\nNulla sollicitudin tincidunt neque, consectetur egestas velit. Pellentesque iaculis magna dolor, at faucibus ex tempor a. Donec porttitor lacus ut lectus luctus, vitae iaculis diam vestibulum. Maecenas erat quam, ultricies ut turpis vel, hendrerit ornare dolor. Phasellus vel nunc in leo tristique porta lacinia non elit. Mauris sed euismod risus, ut aliquam nisl. Sed lacus odio, euismod at nisi quis, rhoncus faucibus nulla. In nec arcu posuere, tincidunt lacus in, vulputate felis. Proin nec diam velit. Maecenas lacinia sit amet nunc gravida vestibulum.<br><br>\r\n\r\nQuisque quis laoreet ipsum, et eleifend sem. Cras vitae justo non dui congue maximus et sit amet est. Curabitur consequat tortor eget massa lobortis, non ultrices quam laoreet. Aliquam nec risus at quam viverra dignissim ornare et dolor. Vestibulum varius quis quam vitae tincidunt. Pellentesque fermentum, urna eget auctor efficitur, elit ante pulvinar dolor, in porttitor metus orci faucibus ante. Sed elit ipsum, tempus at sapien vel, aliquet dignissim justo. Integer a enim at lectus dictum viverra. Curabitur iaculis urna feugiat nulla commodo, non consectetur ipsum congue. Praesent suscipit est non lacus feugiat luctus. Fusce turpis felis, mattis id nibh ut, tristique blandit tortor. Pellentesque vel aliquam purus, ut finibus eros.<br><br>\r\n\r\nNunc dui nunc, tempor vitae lorem ut, semper auctor mauris. Etiam tempus elit turpis, sit amet elementum leo malesuada ut. Nulla facilisi. Fusce ut egestas tortor. Aliquam sagittis neque eget arcu molestie scelerisque id eu ante. Phasellus quis consequat velit. Suspendisse molestie libero in nibh cursus tempor. Nunc tristique consectetur orci, ut luctus felis consequat eget. Nunc tristique imperdiet arcu, nec mattis leo gravida eget. Aenean scelerisque pulvinar lacus ac luctus. Donec rutrum orci ac turpis pretium tempus. Aliquam hendrerit nulla quis porta tristique. Vivamus congue erat consectetur, dictum purus id, commodo risus.<br><br>\r\n\r\nCurabitur euismod neque eget nisi convallis, vel condimentum odio malesuada. Aenean quam neque, vestibulum vel lacinia eu, gravida in augue. Vestibulum pretium eu felis id tincidunt. Phasellus enim nunc, vehicula sit amet nunc eget, efficitur vulputate dui. Morbi ac ipsum vel lacus fringilla imperdiet sit amet non lacus. Cras fringilla, urna placerat mollis lacinia, orci neque scelerisque ligula, in fringilla nisi ligula at felis. Aenean a massa pulvinar, euismod magna sit amet, blandit mi. Fusce vestibulum sagittis turpis, ut vulputate dolor volutpat non. Vivamus tincidunt enim vel ligula eleifend accumsan. Vivamus interdum, enim vitae aliquet varius, lacus dolor rhoncus lorem, sit amet efficitur sem sapien in velit.<br><br>\r\n\r\nDuis et lorem quis ligula ullamcorper convallis. Suspendisse iaculis purus ac ligula consectetur, at hendrerit elit dignissim. Praesent ut sapien vel ex dictum mollis. Quisque et sapien non nisi congue suscipit. Quisque pellentesque odio facilisis leo varius, eu pharetra felis maximus. Aenean sagittis sem at nulla accumsan faucibus. Praesent condimentum augue sit amet maximus tincidunt. Suspendisse placerat massa a enim consequat, auctor porta augue euismod. Proin dolor massa, dictum nec tortor non, feugiat facilisis tellus. Donec sodales, sem imperdiet mollis blandit, leo quam imperdiet ipsum, tincidunt iaculis elit ante eget ante.<br><br>\r\n\r\nSed condimentum consectetur diam in fermentum. Suspendisse potenti. Etiam maximus ligula at lacinia aliquam. Donec a lacus justo. Morbi posuere, tortor sed varius dapibus, nisl velit elementum arcu, eget efficitur lorem orci vitae lacus. Etiam aliquet tortor risus, sed lacinia lacus pulvinar ac. Etiam id enim ante. Sed hendrerit magna vitae augue suscipit, quis maximus lacus laoreet. Nunc elementum euismod nibh ac molestie. Nulla ornare condimentum semper. Nulla placerat pellentesque nisl, quis mollis odio posuere a. Nulla facilisis, ex in varius molestie, felis nulla tempor diam, non malesuada libero sapien ac mauris. Vivamus vestibulum vel mi quis condimentum. Aliquam in viverra dolor, sit amet aliquet urna. Lorem ipsum dolor sit amet, consectetur adipiscing elit.<br><br>\r\n\r\nDuis molestie mauris tempor ipsum rhoncus, eget dapibus quam dapibus. Nullam euismod lobortis eros, sit amet finibus eros mollis sit amet. Donec sollicitudin lectus ut facilisis blandit. Maecenas vestibulum et mi vel facilisis. Nullam venenatis maximus efficitur. Suspendisse potenti. Proin auctor leo at dui pretium dapibus sed eget magna. Suspendisse ullamcorper mi eu purus hendrerit, ac eleifend felis auctor. Mauris a luctus justo. Donec porta non neque sit amet egestas. Donec maximus odio ut arcu convallis, a semper diam consequat. Cras nec imperdiet libero. Quisque ornare quam nec elit placerat euismod. Cras in bibendum augue, vitae vehicula urna.<br><br>\r\n\r\nSed elementum tortor sit amet nisi faucibus sagittis. In urna mi, porttitor eget leo sed, feugiat hendrerit lacus. Mauris in condimentum dui, vel ultrices ante. Praesent vitae rutrum risus. Fusce neque dolor, blandit id mi eget, fringilla hendrerit nisl. Curabitur eu accumsan erat. In augue mi, ullamcorper vitae porta vel, maximus et tellus. Nunc enim nulla, rhoncus accumsan accumsan in, facilisis eu neque. Morbi sodales turpis bibendum, vehicula ipsum cursus, tincidunt diam. Praesent auctor aliquet sapien, eleifend molestie libero aliquet in. Morbi efficitur bibendum condimentum.<br><br>\r\n\r\nDonec vitae mi justo. In sed pellentesque nibh, ut porttitor magna. Integer non nibh vitae libero luctus vehicula. Aliquam vestibulum efficitur dui, quis condimentum ex fermentum non. Nulla bibendum nibh urna, et rutrum est scelerisque ut. Sed lobortis, velit et vestibulum mollis, est enim porta risus, ut vehicula libero lectus at nulla. Mauris semper, ex vitae eleifend feugiat, dolor sem bibendum ligula, mollis venenatis leo nulla non purus. Curabitur tellus augue, facilisis nec nisi quis, efficitur ullamcorper nunc. Phasellus eget placerat ipsum, sagittis imperdiet dolor. Integer id cursus leo, nec finibus felis. Mauris vestibulum molestie lobortis. Etiam rhoncus quam a nibh sollicitudin eleifend. Nam et sollicitudin massa.<br><br>\r\n\r\nProin lectus ligula, elementum id velit quis, porttitor euismod magna. Cras et metus imperdiet, venenatis turpis vel, malesuada ipsum. Pellentesque sed leo a sapien posuere cursus. Etiam molestie, erat nec pulvinar dapibus, urna velit iaculis nulla, quis vehicula ante est et ante. Donec sollicitudin at purus dictum sagittis. Vivamus blandit libero quis tincidunt gravida. Integer et turpis blandit, imperdiet nibh ac, fermentum est. In blandit molestie aliquet.<br><br>\r\n\r\nCurabitur eu augue pellentesque, aliquam diam sed, tincidunt velit. Maecenas porttitor ante cursus dictum malesuada. Donec at mi vitae mi condimentum dignissim ac a lorem. Sed consequat, purus a tincidunt auctor, arcu tortor dapibus nibh, id aliquet nisi lacus quis sapien. Maecenas ullamcorper justo in pulvinar varius. Donec tincidunt mi vitae hendrerit imperdiet. Fusce velit enim, vehicula quis purus vitae, consectetur malesuada erat. Praesent euismod, ex eu lobortis mattis, diam purus auctor magna, nec porta metus tortor ut risus. Mauris sollicitudin tempus metus, id iaculis libero. Vivamus congue feugiat varius. Suspendisse lacinia sed lorem ac luctus. Donec semper odio at tempor auctor. Vestibulum nulla augue, consectetur vitae tortor eget, iaculis laoreet justo.<br><br>\r\n\r\nSed sollicitudin augue at malesuada rutrum. Vivamus consequat, urna sed eleifend elementum, arcu orci pulvinar turpis, ac maximus magna erat nec lorem. Aliquam nunc eros, porttitor vitae scelerisque id, mattis nec leo. Sed non nisl in massa vehicula mollis. Mauris tincidunt, urna volutpat volutpat ultricies, mi erat porttitor dui, vitae imperdiet sapien libero in eros. Aliquam ac sagittis ante. Nam maximus auctor libero, sed varius magna ullamcorper ut.<br><br>\r\n\r\nUt faucibus pulvinar pellentesque. In bibendum semper risus, ac porta massa laoreet eu. Suspendisse potenti. Aliquam auctor orci sapien, et tristique metus eleifend quis. Etiam nisl ante, porta lobortis mattis a, sodales nec turpis. Pellentesque rhoncus eros nec lacus ultricies luctus. Donec iaculis neque quis lacus euismod, ac viverra diam hendrerit. Phasellus ac tortor erat. Ut ultrices augue massa, quis fringilla est sodales eu.</p>", "shortline": "Lorem ipsum dolor sit amet, consectetur adipiscing elit. Nam tincidunt, libero ut porttitor commodo, enim dolor pulvinar ligula, maximus mattis sapien nulla quis ante. Class aptent taciti sociosqu ad", "author": 1, "publish_date": "2018-02-20T16:21:15.121Z", "date_modified": "2018-08-08T13:26:44.314Z", "date_created": "2018-02-20T16:21:15.130Z", "series": 4, "image_raw": "", "image_thumbnail": "", "image_thumbnail_transparent": "", "image_full": "", "audio": "", "enabled": true, "tags": [3, 4]}}, {"model": "articles.article", "pk": 6, "fields": {"title": "Lorem2", "slug": "lorem2", "content": "<p>Lorem ipsum dolor sit amet, consectetur adipiscing elit. Nam enim orci, tempus vitae mauris et, vulputate dignissim velit. Morbi et diam vel lectus ornare varius ac quis odio. Praesent sed eros egestas, porta ex quis, tristique sapien. Curabitur euismod accumsan tincidunt. Duis ac consectetur libero. Duis condimentum tellus eu ante convallis, et sollicitudin lorem consectetur. Nulla consequat vulputate neque, posuere aliquam neque dignissim lacinia. Fusce et dignissim felis, id porta dui. Aliquam porta, magna non imperdiet mattis, tortor justo tristique tortor, nec congue lectus lacus vitae elit. Vivamus porta facilisis vulputate. Sed porttitor ultrices cursus.\r\n\r\nNunc vulputate accumsan lorem. Suspendisse dignissim libero metus, eu sollicitudin felis ullamcorper non. Quisque quis nisi et nisi varius imperdiet. Praesent faucibus bibendum auctor. Sed facilisis quam id velit posuere maximus. Vivamus dapibus commodo elit congue viverra. Nam sed ligula eget felis pulvinar dignissim sed vel nisi. Phasellus ornare rutrum dui non egestas. Aenean faucibus id elit et maximus. Praesent laoreet felis sit amet pulvinar tempus.\r\n\r\nMauris sit amet feugiat magna. Cras non vestibulum erat, non laoreet diam. Aenean tristique velit a lorem bibendum, et consectetur velit tristique. Nunc eu risus orci. Fusce non aliquet lectus. Suspendisse ut augue a mi aliquet maximus vel id elit. Aliquam erat volutpat.\r\n\r\nMaecenas egestas sagittis molestie. Nunc in vehicula leo. Morbi ut congue augue. Etiam finibus arcu ac lectus interdum fermentum. Donec vel congue quam. Aliquam non eros erat. Nullam a scelerisque lacus. Mauris rhoncus erat eget rhoncus pharetra.\r\n\r\nMaecenas rutrum pretium erat, ac mattis nulla faucibus et. Donec consectetur nisi augue, feugiat aliquam justo efficitur sit amet. Sed pulvinar vehicula eros quis dignissim. Suspendisse euismod eu ante quis cursus. Praesent sed dignissim lorem. Donec sapien neque, faucibus vel eros sed, tempor bibendum orci. Cras ullamcorper magna in ultricies semper. Fusce sagittis orci quis laoreet tristique. Curabitur at ante nec mi aliquet mattis eu non quam. Donec tincidunt, urna quis dictum fermentum, ipsum mi lobortis mi, porta varius odio lacus convallis leo. Donec faucibus sagittis tellus, in molestie mauris gravida ut. Vivamus vel lobortis massa. Aliquam vitae arcu id magna pharetra lobortis id eu velit. Etiam non aliquet magna, rutrum laoreet diam. Sed venenatis vitae ante ut posuere. Etiam imperdiet ex sed tellus hendrerit iaculis.\r\n\r\nQuisque laoreet dolor vitae neque malesuada, non porttitor sem congue. Nam luctus iaculis dapibus. Vestibulum lorem nunc, venenatis sit amet tortor ullamcorper, tincidunt efficitur odio. Nunc luctus ut nisi id ultricies. Fusce sed lacus vel tortor varius pellentesque. Ut sit amet elit accumsan, tincidunt quam sit amet, vestibulum elit. Fusce sed nibh purus. Nulla consectetur vel lectus ac semper. Aenean placerat, ante auctor pretium iaculis, justo arcu aliquet magna, eu iaculis ipsum tortor sit amet tortor. Morbi consectetur lectus ut cursus dignissim.\r\n\r\nNullam ex massa, bibendum ut cursus sed, ornare eu quam. Fusce luctus leo eget nibh vehicula, sit amet fermentum tortor lobortis. Nunc eget erat ligula. Mauris porttitor sollicitudin eros, eget egestas velit porta quis. Curabitur vitae tellus id neque tempus finibus. Phasellus ac est ac nulla ornare scelerisque. Duis tempor nulla in dignissim lacinia.\r\n\r\nMaecenas laoreet ligula in pellentesque condimentum. Vestibulum dui dolor, venenatis pulvinar ultrices nec, hendrerit ut magna. Duis tellus quam, consectetur quis eros at, ultricies mollis erat. Vestibulum vitae justo eget dolor tincidunt consectetur eu at urna. Mauris tempor dui et lacinia eleifend. Etiam mollis, risus eu finibus suscipit, mauris dui consequat ante, quis ultrices ante velit consequat orci. Nunc in hendrerit odio, quis aliquet risus. Donec lorem quam, suscipit et ante vel, tristique vehicula urna. Sed condimentum velit volutpat nisi molestie venenatis. Sed sed lacus ac dolor pellentesque bibendum vitae in ex. Morbi vestibulum nisi erat, a dapibus neque maximus ut. Proin lacinia ut augue et imperdiet.<p>", "shortline": "The standard chunk of Lorem Ipsum used since the 1500s is reproduced below for those interested. Sections 1.10.32 and 1.10.33 from \"de Finibus Bonorum et Malorum\" by Cicero are also reproduced in thei", "author": 1, "publish_date": "2018-02-20T16:22:12.708Z", "date_modified": "2018-08-08T13:26:44.309Z", "date_created": "2018-02-20T16:22:12.714Z", "series": 4, "image_raw": "", "image_thumbnail": "", "image_thumbnail_transparent": "", "image_full": "", "audio": "", "enabled": true, "tags": [3, 4]}}, {"model": "articles.article", "pk": 7, "fields": {"title": "Lorem3", "slug": "lorem3", "content": "<p>Lorem ipsum dolor sit amet, consectetur adipiscing elit. Vestibulum nec justo nec orci mattis convallis nec imperdiet nisl. Ut ullamcorper elementum libero. Sed mattis vel erat placerat facilisis. Ut gravida diam ac augue rutrum, sit amet auctor neque rutrum. Duis tincidunt risus at pulvinar aliquam. Quisque ac nulla dapibus, pharetra elit et, malesuada enim. Aliquam id sem justo. Sed ultrices velit nec tellus feugiat malesuada. Morbi id vestibulum velit. Vestibulum eget nibh neque. Phasellus fringilla orci nisi, vel sollicitudin turpis varius at.\r\n\r\nQuisque nec est non quam lacinia convallis. Vestibulum lobortis purus nisi, id porta sapien viverra eu. In hac habitasse platea dictumst. Ut in interdum justo, in elementum leo. Praesent id consectetur tellus. Fusce bibendum est vel odio viverra venenatis. Cras vehicula sapien nec nibh porttitor, vitae congue elit consequat. Quisque in condimentum leo, nec lacinia felis. Orci varius natoque penatibus et magnis dis parturient montes, nascetur ridiculus mus. Maecenas malesuada turpis sit amet pulvinar auctor. Praesent iaculis condimentum mauris sit amet euismod. Ut commodo varius velit, vel consectetur ipsum egestas sit amet. Aenean quis magna sed risus semper cursus id quis velit. Vivamus erat lectus, pulvinar nec convallis vitae, placerat et risus. Pellentesque sit amet elit egestas, rutrum erat non, rutrum massa.\r\n\r\nCras in sem sed sem malesuada imperdiet sed dictum magna. Donec dapibus congue volutpat. Ut condimentum ligula turpis, in sollicitudin orci sagittis non. Maecenas elementum turpis vel suscipit posuere. Nunc efficitur congue gravida. Maecenas non turpis ultrices, tincidunt orci a, molestie mauris. Sed dignissim, justo feugiat euismod vestibulum, urna nisl congue turpis, in pulvinar risus dolor quis erat. Vestibulum in vulputate augue. Morbi non mattis orci. Nunc et metus ac purus efficitur faucibus. Fusce nec augue mauris. Praesent fermentum ante quis ex finibus condimentum. Nulla id est semper, dignissim diam vitae, interdum nibh. Phasellus vulputate nunc at metus euismod bibendum. Etiam neque ligula, mattis sed sollicitudin sit amet, ultricies at erat.\r\n\r\nPellentesque sit amet volutpat diam, vitae imperdiet urna. Nulla in ante et nisl placerat varius in id ipsum. Quisque placerat turpis vel felis feugiat, eget imperdiet ante vehicula. Donec cursus auctor volutpat. Nullam dapibus pretium quam, luctus aliquet turpis venenatis in. Donec egestas lorem vel dui sagittis pharetra. Integer odio sem, malesuada sed vehicula vel, sodales id odio. Ut leo justo, tempor sed semper eu, elementum ut enim. Ut vitae tellus luctus, mattis ex eu, vestibulum sem. Nulla facilisi. Praesent eget rhoncus libero, malesuada viverra lectus.\r\n\r\nDonec aliquet turpis turpis, eu dignissim neque pulvinar eget. Ut hendrerit auctor ullamcorper. Quisque fringilla, tellus nec venenatis sodales, ligula justo euismod felis, sed suscipit libero lacus quis justo. Sed porttitor metus eget cursus congue. Praesent ex lectus, interdum eu bibendum nec, tristique eget metus. Donec suscipit eget sem at cursus. Aliquam vehicula risus sit amet nulla facilisis, nec elementum arcu posuere. Aliquam congue erat convallis, laoreet dui id, auctor eros. Phasellus aliquet consectetur tincidunt. Fusce dictum diam nec convallis eleifend. Pellentesque venenatis arcu ipsum, fringilla convallis magna hendrerit ac. Praesent tempor euismod tristique. Vestibulum congue tortor nisl, sit amet dignissim nunc malesuada non.\r\n\r\nMaecenas efficitur felis sed luctus sagittis. Sed luctus sed risus in malesuada. Mauris in mi eu odio mattis laoreet. Cras semper nulla vitae dolor pharetra, sed semper nisi lacinia. Integer vehicula pharetra nibh, quis volutpat velit finibus et. Curabitur suscipit diam ut efficitur aliquet. Donec suscipit arcu et sapien porttitor suscipit nec quis diam. Nullam tincidunt lacus urna, et vestibulum nisl elementum non.</p>", "shortline": "It is a long established fact that a reader will be distracted by the readable content of a page when looking at its layout. The point of using Lorem Ipsum is that it has a more-or-less normal distrib", "author": 1, "publish_date": "2018-02-20T16:31:28.659Z", "date_modified": "2018-08-08T13:26:44.303Z", "date_created": "2018-02-20T16:31:28.663Z", "series": 4, "image_raw": "", "image_thumbnail": "", "image_thumbnail_transparent": "", "image_full": "", "audio": "", "enabled": true, "tags": [3, 4]}}, {"model": "articles.article", "pk": 8, "fields": {"title": "Lorem4", "slug": "lorem4", "content": "<div id=\"lipsum\">\r\n<p>\r\nLorem ipsum dolor sit amet, consectetur adipiscing elit. Cras eget consectetur nibh. Nam iaculis vel odio maximus tristique. Nam a sapien eget arcu congue pharetra. Aenean finibus erat eu sagittis maximus. Curabitur ac lacus eu lorem aliquet dictum. Donec eget dui felis. Praesent nec vulputate felis. Nulla sed porttitor diam. Sed a elit non lacus egestas scelerisque quis eget nulla. Etiam et porta enim, quis faucibus purus. Nam ut ligula at nibh iaculis vulputate ut a erat. Nunc sit amet sapien accumsan, viverra metus ac, dignissim tellus. Donec sit amet est gravida, faucibus tellus ut, maximus ipsum. Curabitur sit amet diam non mauris posuere scelerisque. Vestibulum sed odio ac leo faucibus molestie. Ut lectus odio, molestie sit amet imperdiet ut, laoreet eu sem.\r\n</p>\r\n<p>\r\nPellentesque nisl libero, efficitur in eros eget, feugiat sagittis orci. Integer et eros id risus consequat placerat. Mauris ut suscipit nulla. Quisque volutpat lorem a efficitur rutrum. Fusce vestibulum efficitur neque ac placerat. Suspendisse bibendum lobortis ipsum, ut condimentum leo eleifend in. Aliquam ultricies rhoncus orci viverra suscipit. Suspendisse nec accumsan ex. Pellentesque imperdiet a nisl ut dictum. Sed lobortis lacus ut ex sagittis luctus. Aenean consectetur sit amet metus a lobortis. Morbi at ligula ligula. Sed eget posuere neque. Nunc in vehicula nunc. Vestibulum blandit enim sed ante dapibus tempus. Vivamus et sem non orci sagittis viverra.\r\n</p>\r\n<p>\r\nInteger leo nisl, vulputate sit amet imperdiet sit amet, sagittis quis nibh. Vivamus imperdiet ante nec enim consectetur dictum. Nulla quis quam nunc. Maecenas molestie, turpis ut ornare venenatis, nunc nunc varius turpis, nec auctor eros elit quis metus. Mauris sed vehicula lectus. Integer pulvinar enim ut libero semper, quis tristique massa dapibus. Sed rhoncus pretium mi, vitae aliquet nisl aliquet sit amet. Praesent sed metus non neque finibus cursus. Donec efficitur orci tellus, ac lacinia nisi pretium a. Donec venenatis mollis neque, quis mattis nunc eleifend sed. Nam semper elit mauris, eu tincidunt est elementum eu. Ut mattis mattis mi, dapibus rhoncus ipsum. Etiam pellentesque sem id posuere fermentum. Pellentesque pellentesque magna eget massa ullamcorper dignissim.\r\n</p>\r\n<p>\r\nSuspendisse blandit at orci sed faucibus. Vestibulum ante ipsum primis in faucibus orci luctus et ultrices posuere cubilia Curae; Phasellus malesuada, purus in dignissim porta, ante nisi auctor lacus, nec viverra eros dui ultricies ipsum. Maecenas quis tincidunt lectus. Phasellus molestie ipsum ipsum, vitae dignissim arcu viverra sed. Nam dictum, magna id euismod volutpat, velit purus imperdiet arcu, eu sodales nulla eros ut risus. Donec erat odio, semper id laoreet et, efficitur id est. Ut eget rhoncus ipsum. Praesent gravida justo ipsum, ac gravida arcu sagittis at. Pellentesque scelerisque et erat eu ornare. Proin tristique tempus libero ut fringilla. Vivamus faucibus ipsum a enim fringilla, non porttitor nisl placerat.\r\n</p>\r\n<p>\r\nNullam cursus, lacus in posuere gravida, risus felis rhoncus tortor, eu tincidunt massa dolor id nibh. Donec a pulvinar dolor. Vivamus varius, velit eget pellentesque tempor, ante felis lacinia elit, in gravida ante dolor at sem. Fusce finibus, felis in euismod sodales, nulla neque vehicula metus, eget bibendum tortor purus id ante. Sed tincidunt eleifend neque, ullamcorper pharetra justo viverra tempor. Curabitur commodo erat et mauris aliquet, nec hendrerit leo lobortis. Ut blandit eget ex sit amet eleifend. Sed venenatis ut metus vel vulputate. Cras consectetur quam eu porta ornare. Fusce vel justo quis ex molestie lobortis. Quisque consectetur lectus nibh, ac scelerisque justo placerat vitae. In a porttitor nisi. Fusce facilisis lorem lectus, vitae molestie nibh dapibus in. Aliquam erat volutpat.\r\n</p>\r\n<p>\r\nDonec sit amet magna eu leo mollis posuere. Maecenas consequat tempor purus, in ultricies nunc. Nunc a massa tempor, dapibus ante vel, dapibus eros. Integer consequat viverra augue non vestibulum. Praesent non faucibus elit, eget pulvinar sapien. Fusce non metus sit amet lacus pharetra ultrices. Nulla dolor ante, sodales vitae neque interdum, sollicitudin accumsan erat. Pellentesque habitant morbi tristique senectus et netus et malesuada fames ac turpis egestas. Donec consequat metus id justo efficitur blandit. Sed velit neque, pretium at congue vitae, hendrerit ac urna. Etiam sollicitudin, neque vitae mattis ultricies, justo est congue augue, ut cursus erat tellus nec risus. Donec hendrerit dictum luctus. Maecenas vulputate ultricies purus vel malesuada. Cras vestibulum mauris ut ante malesuada, quis tincidunt dolor placerat.\r\n</p></div>", "shortline": "Lorem Ipsum is simply dummy text of the printing and typesetting industry. Lorem Ipsum has been the industry's standard dummy text ever since the 1500s, when an unknown printer took a galley of type a", "author": 1, "publish_date": "2018-02-20T16:45:34.916Z", "date_modified": "2018-08-08T13:26:44.299Z", "date_created": "2018-02-20T16:45:34.921Z", "series": 4, "image_raw": "", "image_thumbnail": "", "image_thumbnail_transparent": "", "image_full": "", "audio": "", "enabled": true, "tags": [3, 4]}}, {"model": "articles.article", "pk": 9, "fields": {"title": "Lorem5", "slug": "lorem5", "content": "<div id=\"lipsum\">\r\n<p>\r\nLorem ipsum dolor sit amet, consectetur adipiscing elit. Nulla at rutrum ex. Fusce justo neque, feugiat vestibulum turpis nec, suscipit bibendum ex. Vivamus mauris libero, tempus in magna ac, aliquet lacinia massa. Morbi pulvinar augue at ligula cursus vulputate. Nunc mattis ut dolor quis sodales. Fusce aliquet felis nec ultrices aliquam. Aenean et blandit enim.\r\n</p>\r\n<p>\r\nMaecenas vulputate aliquam ipsum ut blandit. Praesent id pretium dui. Nullam consectetur metus dui, eu rhoncus mauris dignissim eget. Sed sodales euismod lectus vel ultricies. Nam vel fringilla massa. Etiam eget arcu scelerisque, mollis ipsum vel, maximus ipsum. Aenean id eros eu magna consequat maximus lobortis hendrerit est. Curabitur dignissim erat semper efficitur fringilla.\r\n</p>\r\n<p>\r\nMaecenas dictum ipsum quis risus aliquam, eget suscipit ante porta. Etiam sed velit faucibus, efficitur magna ac, pharetra nisi. Suspendisse ac fringilla risus. Etiam magna lacus, porttitor et velit vitae, tincidunt semper ante. Fusce eget lectus molestie, viverra orci sed, fermentum ante. Cras eleifend elit eu fringilla elementum. In a convallis ante. Vivamus sit amet turpis sodales, ultricies purus quis, lobortis massa. Aliquam accumsan hendrerit lorem, ut accumsan arcu convallis a. Sed sollicitudin mi a malesuada accumsan. Maecenas dolor tortor, tempor vel pharetra non, viverra at urna. Curabitur efficitur ligula mollis sapien euismod ornare. Maecenas et vulputate odio. Morbi at odio nunc. Vivamus id ex vitae tortor scelerisque vulputate a et quam.\r\n</p>\r\n<p>\r\nUt imperdiet, ex ut vulputate sodales, odio eros ornare leo, a volutpat turpis lectus ut purus. Duis vestibulum maximus felis, sed elementum est maximus vel. Proin in eros imperdiet lorem fringilla venenatis et at velit. Morbi tempus, orci dapibus malesuada varius, elit velit varius augue, non hendrerit diam eros ac nisl. Ut nec eros in purus placerat faucibus id quis quam. Nunc volutpat finibus odio, in iaculis nulla aliquet vel. Sed euismod nunc erat, ac dignissim felis pharetra id. Vestibulum suscipit lectus in turpis accumsan, id tincidunt orci varius. Class aptent taciti sociosqu ad litora torquent per conubia nostra, per inceptos himenaeos. Suspendisse dictum nisi elit, eu bibendum sem pulvinar vel. Curabitur pretium urna lectus, vel auctor lorem tristique eu. Pellentesque feugiat magna ac hendrerit hendrerit. Morbi in ornare quam. Proin porta cursus magna, vitae gravida leo hendrerit ac. Sed aliquam suscipit pharetra. Fusce eu ligula ut diam tempus ornare sed sed magna.\r\n</p>\r\n<p>\r\nSuspendisse et mi congue, lacinia enim eget, malesuada quam. Fusce vel ipsum ex. Quisque luctus non dui ut efficitur. Sed ullamcorper erat fringilla tempus placerat. Pellentesque fringilla lectus eu sollicitudin varius. Proin vitae nulla accumsan magna vehicula elementum. Nam velit purus, rutrum et condimentum ac, sagittis ac ipsum. Maecenas ultrices varius est, id lacinia odio hendrerit sed. Maecenas blandit, nunc non consequat laoreet, justo eros varius sem, eu molestie nunc sapien a augue. Aliquam at varius nibh. Nulla tempor odio lectus, finibus finibus neque bibendum ut.\r\n</p>\r\n<p>\r\nDonec eget metus egestas, elementum velit sit amet, eleifend augue. Suspendisse molestie ex augue, nec ullamcorper mauris laoreet in. Aenean quis dolor et nulla tempus viverra ac sodales eros. Sed tempor tellus lorem, et dapibus nunc venenatis sit amet. Cras gravida rutrum felis et pretium. Fusce dictum tortor eget hendrerit vestibulum. Sed risus erat, molestie posuere imperdiet sed, convallis vel lectus.\r\n</p></div>", "shortline": "There are many variations of passages of Lorem Ipsum available, but the majority have suffered alteration in some form, by injected humour, or randomised words which don't look even slightly believabl", "author": 1, "publish_date": "2018-02-20T16:51:02.737Z", "date_modified": "2018-08-08T13:26:44.293Z", "date_created": "2018-02-20T16:51:02.742Z", "series": 5, "image_raw": "", "image_thumbnail": "", "image_thumbnail_transparent": "", "image_full": "", "audio": "", "enabled": true, "tags": [3, 4, 5]}}, {"model": "articles.article", "pk": 10, "fields": {"title": "lorem6", "slug": "lorem6", "content": "<div id=\"lipsum\">\r\n<p>\r\nLorem ipsum dolor sit amet, consectetur adipiscing elit. Integer auctor lobortis metus id accumsan. Nunc facilisis id odio in facilisis. Pellentesque tortor tellus, lacinia sit amet ornare vitae, rhoncus quis est. Nullam feugiat at elit et vulputate. Nulla facilisi. Sed risus turpis, vehicula quis lectus fermentum, lobortis luctus libero. Duis sollicitudin mauris nec finibus accumsan. Nulla vel quam in arcu aliquet bibendum. Mauris in lobortis odio. Donec accumsan iaculis placerat. In sit amet luctus augue. Sed non purus lobortis, rutrum leo ut, pharetra magna. Donec in ullamcorper justo. Aenean vulputate sapien at risus aliquet ornare. Vivamus posuere nisl non erat dictum vehicula.\r\n</p>\r\n<p>\r\nIn tristique odio vel tellus imperdiet, vitae lacinia ipsum tincidunt. Maecenas sit amet auctor mauris. Donec tellus eros, malesuada ac purus in, consectetur pharetra velit. Donec tempus ex sed turpis aliquet, vitae rutrum nunc porttitor. Fusce accumsan consequat elit, ut laoreet libero auctor ut. Donec a vestibulum arcu, sed elementum erat. Donec convallis odio enim, et dictum mi tincidunt vel.\r\n</p>\r\n<p>\r\nIn commodo arcu nulla, vitae dapibus ex sodales at. Aenean eget facilisis velit, sollicitudin aliquam tortor. Phasellus vehicula arcu ut massa consectetur, vitae interdum justo gravida. Duis convallis venenatis nunc nec fringilla. Quisque neque urna, imperdiet dapibus mi id, vehicula scelerisque ex. Nulla molestie, mi eu sollicitudin porta, dui ipsum bibendum lorem, in elementum mi purus ac lacus. Lorem ipsum dolor sit amet, consectetur adipiscing elit.\r\n</p>\r\n<p>\r\nAenean eget eros et mauris tempor sagittis. Curabitur tristique, metus in posuere congue, orci mauris egestas nisi, eu aliquet sem augue vel nisl. Aliquam iaculis, purus non sollicitudin scelerisque, nibh leo cursus nisl, eget lobortis magna erat sed leo. Vestibulum ullamcorper id felis quis consectetur. Nulla ut aliquet odio. Vivamus non nisl ullamcorper, aliquam leo aliquet, vehicula ligula. Proin ac eleifend neque, in vestibulum tellus.\r\n</p>\r\n<p>\r\nNullam nec blandit massa. Nunc lacinia mauris tristique ante condimentum cursus. Donec in eros et sem varius convallis at vitae magna. Duis finibus justo auctor, laoreet lectus quis, venenatis mi. Lorem ipsum dolor sit amet, consectetur adipiscing elit. Aenean non arcu finibus, maximus magna quis, porta nulla. Donec porta eget dolor sit amet consequat. Donec et pulvinar erat. Morbi posuere augue vel elit eleifend, a placerat nisi mattis. Ut nec magna lectus. Etiam arcu massa, condimentum at tortor sed, laoreet vehicula sapien. Vivamus auctor convallis purus at mattis. Proin nunc ex, mattis in pulvinar et, condimentum at leo. Pellentesque quis mollis nunc, id varius erat. Nam sed risus id risus varius pharetra elementum id nisl. In hac habitasse platea dictumst.\r\n</p>\r\n<p>\r\nInteger feugiat vestibulum nisl eu condimentum. Maecenas eget augue enim. Nulla euismod metus velit, non scelerisque magna rhoncus id. Aenean eget sem at justo imperdiet laoreet sit amet a turpis. Fusce aliquam porta ipsum, vestibulum ullamcorper nibh consequat ac. Vestibulum ante ipsum primis in faucibus orci luctus et ultrices posuere cubilia Curae; Fusce sit amet sapien vitae quam efficitur tincidunt nec sed libero. Nulla convallis vulputate tristique. Nulla facilisi. Cras rutrum eros nulla. Integer ac odio turpis. Cras imperdiet justo ex, a ornare odio fermentum vitae. Sed sit amet vulputate quam, vulputate rhoncus lacus. Sed hendrerit leo metus, at ultrices metus convallis quis.\r\n</p>\r\n<p>\r\nAenean fermentum condimentum eros, eget dictum urna consequat at. In hac habitasse platea dictumst. Morbi eget fringilla sem. Nullam dictum ante et accumsan mattis. In porttitor orci in magna semper varius. Quisque volutpat dui in nisl malesuada lacinia. Cras eu leo massa. Suspendisse a ultricies magna, in varius ante. Aliquam non pretium massa. Nulla ac mattis elit, et rutrum eros. Sed ligula arcu, scelerisque sed lorem et, facilisis luctus lacus.\r\n</p>\r\n<p>\r\nVivamus consequat quis dui a vestibulum. Donec eu tortor metus. Pellentesque mattis tortor in enim gravida semper. Duis ac massa ornare, consectetur diam vel, condimentum est. Nam feugiat ex metus, tempus efficitur ex pulvinar non. Vivamus eget fermentum dui, nec fermentum enim. Nam velit leo, porta sed efficitur a, ultrices a ligula. Suspendisse ac nibh ut dui aliquet fermentum vel in leo. In scelerisque nunc id tempus lobortis. Phasellus non varius ex. Aliquam tempus erat ut mauris gravida, eget finibus magna maximus. Maecenas laoreet felis in tristique blandit. Nunc facilisis ipsum et dui dapibus, id tincidunt ligula auctor. Quisque rutrum vulputate tincidunt. Ut commodo ligula nec nisl vestibulum blandit. Cras nec quam tempus, egestas risus eu, ultrices nulla.\r\n</p>\r\n<p>\r\nEtiam et feugiat elit, ut aliquet purus. Suspendisse consectetur ac elit vel suscipit. Fusce sed lorem nisi. Vivamus venenatis auctor turpis ac vulputate. In sit amet ipsum diam. Sed luctus dui quis quam molestie, id viverra sem feugiat. Integer ac ante id tortor porta pretium. Donec commodo mauris at ipsum rhoncus, in consequat ante pulvinar. Vivamus mollis massa venenatis, elementum nisi sollicitudin, egestas erat. Morbi massa sem, finibus sed laoreet id, bibendum non massa.\r\n</p>\r\n<p>\r\nMauris porttitor, magna id auctor rutrum, lectus mi feugiat ante, non mattis magna massa vitae magna. Donec commodo nisl at vulputate feugiat. Aliquam tempus sapien dui, sit amet elementum enim consectetur fermentum. Suspendisse potenti. Pellentesque et diam et purus aliquam posuere. Quisque cursus urna ac lectus fringilla, et condimentum est interdum. Mauris sapien mi, consequat ut dignissim vitae, tempus sagittis sem. Etiam sed justo non dui faucibus ultricies ut id diam. Phasellus facilisis purus eros, id maximus libero facilisis quis. Nam blandit, nunc eu fermentum eleifend, nisl magna malesuada libero, rutrum luctus erat nunc at urna. Duis sollicitudin ut urna vitae maximus. Aliquam sagittis velit eu iaculis interdum. Nam dignissim auctor justo aliquet aliquet. Pellentesque id lacinia est.\r\n</p></div>", "shortline": "\"Neque porro quisquam est qui dolorem ipsum quia dolor sit amet, consectetur, adipisci velit...\" \"There is no one who loves pain itself, who seeks after it and wants to have it, simply because it is p", "author": 1, "publish_date": "2018-02-20T16:52:26.003Z", "date_modified": "2018-08-08T13:26:44.287Z", "date_created": "2018-02-20T16:52:26.010Z", "series": 6, "image_raw": "", "image_thumbnail": "", "image_thumbnail_transparent": "", "image_full": "", "audio": "", "enabled": true, "tags": [1, 3, 4, 5]}}, {"model": "articles.article", "pk": 11, "fields": {"title": "Lorem7", "slug": "lorem7", "content": "<div id=\"lipsum\">\r\n<p>\r\nLorem ipsum dolor sit amet, consectetur adipiscing elit. Aenean vehicula est eget nunc blandit, eu vulputate urna dapibus. Suspendisse mattis quam ac lorem convallis fringilla. Ut egestas luctus nibh a tempor. Aenean finibus ligula a faucibus volutpat. Vestibulum vestibulum a nunc in pharetra. Nunc in velit et felis auctor scelerisque vitae id diam. Sed massa elit, faucibus sit amet purus sit amet, aliquet maximus nisi. Quisque blandit lobortis tristique.\r\n</p>\r\n<p>\r\nSed fringilla, turpis sit amet blandit varius, ante augue dictum massa, eu ornare diam nisl vel sem. Nunc pretium aliquam est. Proin ac nisi viverra, elementum urna at, lobortis lacus. Mauris faucibus vulputate magna. Fusce ipsum dui, bibendum at massa consectetur, laoreet semper neque. Cras quis ullamcorper velit, a laoreet nisl. Etiam euismod pharetra dolor eu tincidunt. Suspendisse fringilla augue non tortor scelerisque rutrum.\r\n</p>\r\n<p>\r\nEtiam scelerisque id urna in hendrerit. Nullam suscipit dolor augue, sed ullamcorper velit suscipit sit amet. Morbi egestas finibus turpis non facilisis. Donec sit amet quam libero. Sed viverra arcu a diam tempus elementum. Class aptent taciti sociosqu ad litora torquent per conubia nostra, per inceptos himenaeos. Aliquam erat volutpat. Duis elementum magna a eleifend aliquet. Donec condimentum tempus egestas.\r\n</p>\r\n<p>\r\nDonec ac magna vestibulum, tempor turpis quis, iaculis risus. Aenean blandit interdum pharetra. Curabitur dolor nisi, sagittis eu consequat vel, ultricies sed eros. Vivamus velit elit, gravida sed accumsan eu, egestas et metus. Curabitur condimentum varius nisl, a imperdiet mauris vulputate vitae. Etiam eu ornare urna. Quisque id risus sem. Vestibulum et sapien venenatis, pulvinar quam vel, euismod risus. Praesent varius orci ornare ex placerat ultricies. Vivamus sed mattis augue, quis laoreet dolor.\r\n</p>\r\n<p>\r\nCras sollicitudin vel erat vel rutrum. Nulla facilisi. Praesent eu lacus malesuada, vulputate massa ut, pellentesque purus. Maecenas ullamcorper nulla purus. Proin in dignissim augue. Nulla volutpat, velit in aliquam mattis, ipsum urna vestibulum ante, non lobortis turpis dolor quis nisl. Vestibulum scelerisque sit amet ante in vehicula.\r\n</p>\r\n<p>\r\nPraesent semper dictum gravida. Aliquam felis lectus, aliquam efficitur ligula non, pulvinar pharetra felis. In dictum lorem nec luctus semper. Maecenas diam lorem, mattis congue orci non, porta porta leo. Aenean vel congue ligula, eu vehicula magna. Curabitur egestas efficitur felis, eget tincidunt metus egestas a. Nulla at elit aliquet, cursus tortor in, condimentum lacus. Pellentesque viverra purus venenatis tincidunt sodales. Sed blandit sapien at odio dapibus, sit amet varius augue sagittis. Maecenas eleifend eros id mi rutrum mollis. Phasellus aliquet pulvinar risus. Fusce scelerisque luctus magna, in viverra odio molestie at. Donec non eleifend tellus. Donec egestas lacus nisi, nec pretium ante dictum in. Nullam aliquam, nunc suscipit viverra feugiat, tellus elit tincidunt ante, at rhoncus diam odio sit amet tellus. Nulla tempor facilisis odio, sit amet faucibus turpis consectetur quis.\r\n</p>\r\n<p>\r\nCurabitur semper dolor vel pharetra mollis. Vestibulum rutrum ligula a est maximus, a egestas purus feugiat. In dapibus blandit sapien iaculis finibus. Vivamus non lorem ligula. Curabitur eleifend neque dui, sit amet venenatis tortor facilisis at. Praesent pharetra dictum sapien et auctor. Morbi elementum, augue maximus egestas semper, dolor mi vulputate nibh, sit amet molestie enim orci eget felis. Quisque et placerat quam, lacinia blandit diam.\r\n</p>\r\n<p>\r\nEtiam a lectus sed tortor sagittis bibendum sit amet at dolor. Aenean convallis sollicitudin dui. Nunc in tempus magna. Maecenas facilisis dolor erat, ut mattis leo vulputate sollicitudin. Pellentesque dictum faucibus nunc, accumsan viverra orci congue at. Praesent hendrerit ipsum ex, eget fringilla quam faucibus nec. Suspendisse ultrices dapibus dignissim. Vivamus id turpis arcu. Ut tellus eros, dignissim ut leo in, tempor cursus augue. Sed congue ornare augue, ac consequat mauris porta quis. Aenean bibendum libero id tellus eleifend mollis. Curabitur elementum rutrum purus, eu ultricies eros malesuada quis. Etiam at lobortis lectus. Nullam dapibus massa tempus elit facilisis fringilla. Sed nec magna eleifend ipsum faucibus suscipit. Nam eu pharetra arcu, vel finibus neque.\r\n</p>\r\n<p>\r\nDuis quis nunc ornare, tempor urna non, finibus tortor. Aenean dapibus blandit massa a tempus. Nulla porta sem ut nibh vestibulum faucibus sit amet eget leo. Cras tellus felis, condimentum non semper at, tincidunt id sem. Cras sed quam lacus. Aliquam sit amet fringilla orci, non eleifend metus. Maecenas lobortis tempus turpis, porta elementum dui pellentesque sit amet. Cras eleifend finibus quam eu semper. Aliquam consectetur tristique neque, quis ullamcorper massa. Aenean in enim eu nisl fringilla ultricies. Praesent ornare ipsum tellus, vitae euismod sem hendrerit pretium. Aenean bibendum nunc vitae est sollicitudin, ut finibus lorem porta.\r\n</p>\r\n<p>\r\nNam tortor leo, pretium id elit eget, dignissim luctus eros. Donec et nulla at lectus accumsan interdum a tincidunt dui. Proin luctus eget nisl tempor imperdiet. Aenean et orci et quam mattis ornare. Vivamus ac laoreet quam. Curabitur congue arcu quis ligula blandit venenatis. Sed nisi odio, sagittis at consequat nec, tincidunt non mi. Cras eu condimentum est. Curabitur quis ultricies ipsum.\r\n</p></div>", "shortline": "Generated 10 paragraphs, 896 words, 5964 bytes of Lorem Ipsum", "author": 1, "publish_date": "2018-02-20T16:53:27.998Z", "date_modified": "2018-08-08T13:26:44.280Z", "date_created": "2018-02-20T16:53:28.004Z", "series": 7, "image_raw": "", "image_thumbnail": "", "image_thumbnail_transparent": "", "image_full": "", "audio": "", "enabled": true, "tags": [2, 3, 4, 5]}}, {"model": "articles.article", "pk": 12, "fields": {"title": "Lorem8", "slug": "lorem8", "content": "<div id=\"lipsum\">\r\n<p>\r\nLorem ipsum dolor sit amet, consectetur adipiscing elit. Aenean vehicula est eget nunc blandit, eu vulputate urna dapibus. Suspendisse mattis quam ac lorem convallis fringilla. Ut egestas luctus nibh a tempor. Aenean finibus ligula a faucibus volutpat. Vestibulum vestibulum a nunc in pharetra. Nunc in velit et felis auctor scelerisque vitae id diam. Sed massa elit, faucibus sit amet purus sit amet, aliquet maximus nisi. Quisque blandit lobortis tristique.\r\n</p>\r\n<p>\r\nSed fringilla, turpis sit amet blandit varius, ante augue dictum massa, eu ornare diam nisl vel sem. Nunc pretium aliquam est. Proin ac nisi viverra, elementum urna at, lobortis lacus. Mauris faucibus vulputate magna. Fusce ipsum dui, bibendum at massa consectetur, laoreet semper neque. Cras quis ullamcorper velit, a laoreet nisl. Etiam euismod pharetra dolor eu tincidunt. Suspendisse fringilla augue non tortor scelerisque rutrum.\r\n</p>\r\n<p>\r\nEtiam scelerisque id urna in hendrerit. Nullam suscipit dolor augue, sed ullamcorper velit suscipit sit amet. Morbi egestas finibus turpis non facilisis. Donec sit amet quam libero. Sed viverra arcu a diam tempus elementum. Class aptent taciti sociosqu ad litora torquent per conubia nostra, per inceptos himenaeos. Aliquam erat volutpat. Duis elementum magna a eleifend aliquet. Donec condimentum tempus egestas.\r\n</p>\r\n<p>\r\nDonec ac magna vestibulum, tempor turpis quis, iaculis risus. Aenean blandit interdum pharetra. Curabitur dolor nisi, sagittis eu consequat vel, ultricies sed eros. Vivamus velit elit, gravida sed accumsan eu, egestas et metus. Curabitur condimentum varius nisl, a imperdiet mauris vulputate vitae. Etiam eu ornare urna. Quisque id risus sem. Vestibulum et sapien venenatis, pulvinar quam vel, euismod risus. Praesent varius orci ornare ex placerat ultricies. Vivamus sed mattis augue, quis laoreet dolor.\r\n</p>\r\n<p>\r\nCras sollicitudin vel erat vel rutrum. Nulla facilisi. Praesent eu lacus malesuada, vulputate massa ut, pellentesque purus. Maecenas ullamcorper nulla purus. Proin in dignissim augue. Nulla volutpat, velit in aliquam mattis, ipsum urna vestibulum ante, non lobortis turpis dolor quis nisl. Vestibulum scelerisque sit amet ante in vehicula.\r\n</p>\r\n<p>\r\nPraesent semper dictum gravida. Aliquam felis lectus, aliquam efficitur ligula non, pulvinar pharetra felis. In dictum lorem nec luctus semper. Maecenas diam lorem, mattis congue orci non, porta porta leo. Aenean vel congue ligula, eu vehicula magna. Curabitur egestas efficitur felis, eget tincidunt metus egestas a. Nulla at elit aliquet, cursus tortor in, condimentum lacus. Pellentesque viverra purus venenatis tincidunt sodales. Sed blandit sapien at odio dapibus, sit amet varius augue sagittis. Maecenas eleifend eros id mi rutrum mollis. Phasellus aliquet pulvinar risus. Fusce scelerisque luctus magna, in viverra odio molestie at. Donec non eleifend tellus. Donec egestas lacus nisi, nec pretium ante dictum in. Nullam aliquam, nunc suscipit viverra feugiat, tellus elit tincidunt ante, at rhoncus diam odio sit amet tellus. Nulla tempor facilisis odio, sit amet faucibus turpis consectetur quis.\r\n</p>\r\n<p>\r\nCurabitur semper dolor vel pharetra mollis. Vestibulum rutrum ligula a est maximus, a egestas purus feugiat. In dapibus blandit sapien iaculis finibus. Vivamus non lorem ligula. Curabitur eleifend neque dui, sit amet venenatis tortor facilisis at. Praesent pharetra dictum sapien et auctor. Morbi elementum, augue maximus egestas semper, dolor mi vulputate nibh, sit amet molestie enim orci eget felis. Quisque et placerat quam, lacinia blandit diam.\r\n</p>\r\n<p>\r\nEtiam a lectus sed tortor sagittis bibendum sit amet at dolor. Aenean convallis sollicitudin dui. Nunc in tempus magna. Maecenas facilisis dolor erat, ut mattis leo vulputate sollicitudin. Pellentesque dictum faucibus nunc, accumsan viverra orci congue at. Praesent hendrerit ipsum ex, eget fringilla quam faucibus nec. Suspendisse ultrices dapibus dignissim. Vivamus id turpis arcu. Ut tellus eros, dignissim ut leo in, tempor cursus augue. Sed congue ornare augue, ac consequat mauris porta quis. Aenean bibendum libero id tellus eleifend mollis. Curabitur elementum rutrum purus, eu ultricies eros malesuada quis. Etiam at lobortis lectus. Nullam dapibus massa tempus elit facilisis fringilla. Sed nec magna eleifend ipsum faucibus suscipit. Nam eu pharetra arcu, vel finibus neque.\r\n</p>\r\n<p>\r\nDuis quis nunc ornare, tempor urna non, finibus tortor. Aenean dapibus blandit massa a tempus. Nulla porta sem ut nibh vestibulum faucibus sit amet eget leo. Cras tellus felis, condimentum non semper at, tincidunt id sem. Cras sed quam lacus. Aliquam sit amet fringilla orci, non eleifend metus. Maecenas lobortis tempus turpis, porta elementum dui pellentesque sit amet. Cras eleifend finibus quam eu semper. Aliquam consectetur tristique neque, quis ullamcorper massa. Aenean in enim eu nisl fringilla ultricies. Praesent ornare ipsum tellus, vitae euismod sem hendrerit pretium. Aenean bibendum nunc vitae est sollicitudin, ut finibus lorem porta.\r\n</p>\r\n<p>\r\nNam tortor leo, pretium id elit eget, dignissim luctus eros. Donec et nulla at lectus accumsan interdum a tincidunt dui. Proin luctus eget nisl tempor imperdiet. Aenean et orci et quam mattis ornare. Vivamus ac laoreet quam. Curabitur congue arcu quis ligula blandit venenatis. Sed nisi odio, sagittis at consequat nec, tincidunt non mi. Cras eu condimentum est. Curabitur quis ultricies ipsum.\r\n</p></div>", "shortline": "<div id=\"lipsum\"> <p> Lorem ipsum dolor sit amet, consectetur adipiscing elit. Aenean vehicula est eget nunc blandit, eu vulputate urna dapibus. Suspendisse mattis quam ac lorem convallis fringilla. U", "author": 1, "publish_date": "2018-02-20T16:54:30.514Z", "date_modified": "2018-08-08T13:26:44.276Z", "date_created": "2018-02-20T16:54:30.519Z", "series": 8, "image_raw": "", "image_thumbnail": "", "image_thumbnail_transparent": "", "image_full": "", "audio": "", "enabled": true, "tags": [3, 4, 5]}}, {"model": "articles.article", "pk": 13, "fields": {"title": "Article Published in Future", "slug": "article-published-in-future", "content": "This should be displayed at all.", "shortline": "This article should never display", "author": 1, "publish_date": "2020-10-01T20:30:53Z", "date_modified": "2018-08-08T13:26:43.580Z", "date_created": "2018-07-30T20:31:29.189Z", "series": 8, "image_raw": "", "image_thumbnail": "", "image_thumbnail_transparent": "", "image_full": "", "audio": "", "enabled": true, "tags": [1, 2]}}, {"model": "articles.article", "pk": 14, "fields": {"title": "Newest Article", "slug": "newest-article", "content": "This article is brand new and has good information probably.", "shortline": "This article is new", "author": 1, "publish_date": "2018-07-31T18:31:13Z", "date_modified": "2018-08-08T13:26:44.272Z", "date_created": "2018-07-31T18:31:52.390Z", "series": 8, "image_raw": "", "image_thumbnail": "", "image_thumbnail_transparent": "", "image_full": "", "audio": "", "enabled": true, "tags": [1]}}, {"model": "articles.article", "pk": 16, "fields": {"title": "Latin Two", "slug": "latin-two", "content": "Latin Two", "shortline": "Latin Two", "author": 1, "publish_date": "2018-07-31T21:11:18Z", "date_modified": "2018-08-08T13:26:44.267Z", "date_created": "2018-07-31T21:09:02.998Z", "series": 5, "image_raw": "", "image_thumbnail": "", "image_thumbnail_transparent": "", "image_full": "", "audio": "", "enabled": true, "tags": [5]}}, {"model": "articles.article", "pk": 17, "fields": {"title": "Wyverns 1", "slug": "wyverns-1", "content": "First game has a thing that happens probably.", "shortline": "The first game of wyverns and whimsy", "author": 1, "publish_date": "2018-08-02T16:06:22Z", "date_modified": "2018-08-08T16:09:54.527Z", "date_created": "2018-08-02T16:07:15.485Z", "series": 10, "image_raw": "uploads/fantasyart-1507562099587-8828.jpg", "image_thumbnail": "uploads/fantasyart-1507562099587-8828_thumbnail.png", "image_thumbnail_transparent": "uploads/fantasyart-1507562099587-8828_thumbnail_transparent.png", "image_full": "uploads/fantasyart-1507562099587-8828_full.png", "audio": "uploads/audio/Session_1_11-12.mp3", "enabled": true, "tags": [6, 7, 8, 9, 10, 11]}}, {"model": "articles.article", "pk": 18, "fields": {"title": "About Me", "slug": "about-me", "content": "I do thinks sometimes.", "shortline": "All about me and stuff", "author": 1, "publish_date": "2018-08-02T16:13:18Z", "date_modified": "2018-08-08T13:26:43.597Z", "date_created": "2018-08-02T16:13:40.041Z", "series": 2, "image_raw": "", "image_thumbnail": "", "image_thumbnail_transparent": "", "image_full": "", "audio": "", "enabled": true, "tags": [2]}}, {"model": "articles.article", "pk": 19, "fields": {"title": "Portfolio", "slug": "portfolio", "content": "See my resume and my code here.", "shortline": "Some things I have done.", "author": 1, "publish_date": "2018-08-02T16:41:02Z", "date_modified": "2018-08-08T13:26:43.592Z", "date_created": "2018-08-02T16:41:32.804Z", "series": 2, "image_raw": "", "image_thumbnail": "", "image_thumbnail_transparent": "", "image_full": "", "audio": "", "enabled": true, "tags": [2]}}, {"model": "articles.article", "pk": 20, "fields": {"title": "New Test Article", "slug": "new-test-article", "content": "yio", "shortline": "When does this show up?", "author": 1, "publish_date": "2018-08-02T19:24:43Z", "date_modified": "2018-08-08T13:26:43.586Z", "date_created": "2018-08-02T19:03:33.961Z", "series": 7, "image_raw": "", "image_thumbnail": "", "image_thumbnail_transparent": "", "image_full": "", "audio": "", "enabled": true, "tags": [1]}}, {"model": "auth.permission", "pk": 1, "fields": {"name": "Can add log entry", "content_type": 1, "codename": "add_logentry"}}, {"model": "auth.permission", "pk": 2, "fields": {"name": "Can change log entry", "content_type": 1, "codename": "change_logentry"}}, {"model": "auth.permission", "pk": 3, "fields": {"name": "Can delete log entry", "content_type": 1, "codename": "delete_logentry"}}, {"model": "auth.permission", "pk": 4, "fields": {"name": "Can add permission", "content_type": 2, "codename": "add_permission"}}, {"model": "auth.permission", "pk": 5, "fields": {"name": "Can change permission", "content_type": 2, "codename": "change_permission"}}, {"model": "auth.permission", "pk": 6, "fields": {"name": "Can delete permission", "content_type": 2, "codename": "delete_permission"}}, {"model": "auth.permission", "pk": 7, "fields": {"name": "Can add group", "content_type": 3, "codename": "add_group"}}, {"model": "auth.permission", "pk": 8, "fields": {"name": "Can change group", "content_type": 3, "codename": "change_group"}}, {"model": "auth.permission", "pk": 9, "fields": {"name": "Can delete group", "content_type": 3, "codename": "delete_group"}}, {"model": "auth.permission", "pk": 10, "fields": {"name": "Can add user", "content_type": 4, "codename": "add_user"}}, {"model": "auth.permission", "pk": 11, "fields": {"name": "Can change user", "content_type": 4, "codename": "change_user"}}, {"model": "auth.permission", "pk": 12, "fields": {"name": "Can delete user", "content_type": 4, "codename": "delete_user"}}, {"model": "auth.permission", "pk": 13, "fields": {"name": "Can add content type", "content_type": 5, "codename": "add_contenttype"}}, {"model": "auth.permission", "pk": 14, "fields": {"name": "Can change content type", "content_type": 5, "codename": "change_contenttype"}}, {"model": "auth.permission", "pk": 15, "fields": {"name": "Can delete content type", "content_type": 5, "codename": "delete_contenttype"}}, {"model": "auth.permission", "pk": 16, "fields": {"name": "Can add session", "content_type": 6, "codename": "add_session"}}, {"model": "auth.permission", "pk": 17, "fields": {"name": "Can change session", "content_type": 6, "codename": "change_session"}}, {"model": "auth.permission", "pk": 18, "fields": {"name": "Can delete session", "content_type": 6, "codename": "delete_session"}}, {"model": "auth.permission", "pk": 19, "fields": {"name": "Can add article", "content_type": 7, "codename": "add_article"}}, {"model": "auth.permission", "pk": 20, "fields": {"name": "Can change article", "content_type": 7, "codename": "change_article"}}, {"model": "auth.permission", "pk": 21, "fields": {"name": "Can delete article", "content_type": 7, "codename": "delete_article"}}, {"model": "auth.permission", "pk": 22, "fields": {"name": "Can add series", "content_type": 8, "codename": "add_series"}}, {"model": "auth.permission", "pk": 23, "fields": {"name": "Can change series", "content_type": 8, "codename": "change_series"}}, {"model": "auth.permission", "pk": 24, "fields": {"name": "Can delete series", "content_type": 8, "codename": "delete_series"}}, {"model": "auth.permission", "pk": 25, "fields": {"name": "Can add tag", "content_type": 9, "codename": "add_tag"}}, {"model": "auth.permission", "pk": 26, "fields": {"name": "Can change tag", "content_type": 9, "codename": "change_tag"}}, {"model": "auth.permission", "pk": 27, "fields": {"name": "Can delete tag", "content_type": 9, "codename": "delete_tag"}}, {"model": "auth.permission", "pk": 28, "fields": {"name": "Can add author", "content_type": 10, "codename": "add_author"}}, {"model": "auth.permission", "pk": 29, "fields": {"name": "Can change author", "content_type": 10, "codename": "change_author"}}, {"model": "auth.permission", "pk": 30, "fields": {"name": "Can delete author", "content_type": 10, "codename": "delete_author"}}, {"model": "auth.permission", "pk": 31, "fields": {"name": "Can add model with images", "content_type": 11, "codename": "add_modelwithimages"}}, {"model": "auth.permission", "pk": 32, "fields": {"name": "Can change model with images", "content_type": 11, "codename": "change_modelwithimages"}}, {"model": "auth.permission", "pk": 33, "fields": {"name": "Can delete model with images", "content_type": 11, "codename": "delete_modelwithimages"}}, {"model": "auth.user", "pk": 1, "fields": {"password": "pbkdf2_sha256$100000$nHp9X8WKQMuo$fafr+SgayPYYrgcGCLzkr3CczTqyrQ5uywclEM8tJB0=", "last_login": "2018-07-30T20:09:11.963Z", "is_superuser": true, "username": "johnj", "first_name": "", "last_name": "", "email": "", "is_staff": true, "is_active": true, "date_joined": "2018-02-13T17:01:59.303Z", "groups": [], "user_permissions": []}}, {"model": "admin.logentry", "pk": 1, "fields": {"action_time": "2018-02-13T17:03:34.081Z", "user": 1, "content_type": 10, "object_id": "1", "object_repr": "John Clubb", "action_flag": 1, "change_message": "[{\"added\": {}}]"}}, {"model": "admin.logentry", "pk": 2, "fields": {"action_time": "2018-02-13T17:04:01.065Z", "user": 1, "content_type": 8, "object_id": "1", "object_repr": "misc", "action_flag": 1, "change_message": "[{\"added\": {}}]"}}, {"model": "admin.logentry", "pk": 3, "fields": {"action_time": "2018-02-13T17:04:08.035Z", "user": 1, "content_type": 9, "object_id": "1", "object_repr": "idk", "action_flag": 1, "change_message": "[{\"added\": {}}]"}}, {"model": "admin.logentry", "pk": 4, "fields": {"action_time": "2018-02-13T17:05:08.724Z", "user": 1, "content_type": 7, "object_id": "1", "object_repr": "This is a test article", "action_flag": 1, "change_message": "[{\"added\": {}}]"}}, {"model": "admin.logentry", "pk": 5, "fields": {"action_time": "2018-02-15T17:42:52.144Z", "user": 1, "content_type": 8, "object_id": "2", "object_repr": "about", "action_flag": 1, "change_message": "[{\"added\": {}}]"}}, {"model": "admin.logentry", "pk": 6, "fields": {"action_time": "2018-02-15T17:43:19.512Z", "user": 1, "content_type": 9, "object_id": "2", "object_repr": "about", "action_flag": 1, "change_message": "[{\"added\": {}}]"}}, {"model": "admin.logentry", "pk": 7, "fields": {"action_time": "2018-02-15T17:43:44.166Z", "user": 1, "content_type": 7, "object_id": "2", "object_repr": "SECOND ARTICLE", "action_flag": 1, "change_message": "[{\"added\": {}}]"}}, {"model": "admin.logentry", "pk": 8, "fields": {"action_time": "2018-02-16T15:37:25.528Z", "user": 1, "content_type": 8, "object_id": "2", "object_repr": "about", "action_flag": 2, "change_message": "[{\"changed\": {\"fields\": [\"description\", \"slug\"]}}]"}}, {"model": "admin.logentry", "pk": 9, "fields": {"action_time": "2018-02-16T15:37:33.776Z", "user": 1, "content_type": 8, "object_id": "1", "object_repr": "misc", "action_flag": 2, "change_message": "[{\"changed\": {\"fields\": [\"description\"]}}]"}}, {"model": "admin.logentry", "pk": 10, "fields": {"action_time": "2018-02-16T15:39:41.932Z", "user": 1, "content_type": 10, "object_id": "1", "object_repr": "John Clubb", "action_flag": 2, "change_message": "[{\"changed\": {\"fields\": [\"bio\", \"slug\"]}}]"}}, {"model": "admin.logentry", "pk": 11, "fields": {"action_time": "2018-02-16T15:47:32.772Z", "user": 1, "content_type": 7, "object_id": "3", "object_repr": "welcome (about)", "action_flag": 1, "change_message": "[{\"added\": {}}]"}}, {"model": "admin.logentry", "pk": 12, "fields": {"action_time": "2018-02-16T15:50:52.470Z", "user": 1, "content_type": 7, "object_id": "3", "object_repr": "welcome (about)", "action_flag": 2, "change_message": "[{\"changed\": {\"fields\": [\"content\"]}}]"}}, {"model": "admin.logentry", "pk": 13, "fields": {"action_time": "2018-02-16T15:51:17.644Z", "user": 1, "content_type": 7, "object_id": "3", "object_repr": "welcome (about)", "action_flag": 2, "change_message": "[{\"changed\": {\"fields\": [\"content\"]}}]"}}, {"model": "admin.logentry", "pk": 14, "fields": {"action_time": "2018-02-16T15:51:58.930Z", "user": 1, "content_type": 7, "object_id": "3", "object_repr": "welcome (about)", "action_flag": 2, "change_message": "[{\"changed\": {\"fields\": [\"title\", \"content\"]}}]"}}, {"model": "admin.logentry", "pk": 15, "fields": {"action_time": "2018-02-16T15:53:11.136Z", "user": 1, "content_type": 7, "object_id": "3", "object_repr": "welcome (about)", "action_flag": 2, "change_message": "[{\"changed\": {\"fields\": [\"content\"]}}]"}}, {"model": "admin.logentry", "pk": 16, "fields": {"action_time": "2018-02-16T17:50:18.131Z", "user": 1, "content_type": 8, "object_id": "3", "object_repr": "ignore", "action_flag": 1, "change_message": "[{\"added\": {}}]"}}, {"model": "admin.logentry", "pk": 17, "fields": {"action_time": "2018-02-16T17:50:49.240Z", "user": 1, "content_type": 7, "object_id": "4", "object_repr": "disabled (ignore)", "action_flag": 1, "change_message": "[{\"added\": {}}]"}}, {"model": "admin.logentry", "pk": 18, "fields": {"action_time": "2018-02-16T19:16:12.204Z", "user": 1, "content_type": 7, "object_id": "3", "object_repr": "welcome (about)", "action_flag": 2, "change_message": "[{\"changed\": {\"fields\": [\"content\"]}}]"}}, {"model": "admin.logentry", "pk": 19, "fields": {"action_time": "2018-02-16T19:27:36.801Z", "user": 1, "content_type": 7, "object_id": "3", "object_repr": "welcome (about)", "action_flag": 2, "change_message": "[{\"changed\": {\"fields\": [\"content\"]}}]"}}, {"model": "admin.logentry", "pk": 20, "fields": {"action_time": "2018-02-16T19:28:08.708Z", "user": 1, "content_type": 7, "object_id": "3", "object_repr": "welcome (about)", "action_flag": 2, "change_message": "[{\"changed\": {\"fields\": [\"content\"]}}]"}}, {"model": "admin.logentry", "pk": 21, "fields": {"action_time": "2018-02-16T20:11:40.356Z", "user": 1, "content_type": 7, "object_id": "3", "object_repr": "about/welcome", "action_flag": 2, "change_message": "[{\"changed\": {\"fields\": [\"content\"]}}]"}}, {"model": "admin.logentry", "pk": 22, "fields": {"action_time": "2018-02-16T20:49:11.119Z", "user": 1, "content_type": 7, "object_id": "3", "object_repr": "about/welcome", "action_flag": 2, "change_message": "[{\"changed\": {\"fields\": [\"content\"]}}]"}}, {"model": "admin.logentry", "pk": 23, "fields": {"action_time": "2018-02-16T21:30:59.389Z", "user": 1, "content_type": 7, "object_id": "3", "object_repr": "about/welcome", "action_flag": 2, "change_message": "[{\"changed\": {\"fields\": [\"content\"]}}]"}}, {"model": "admin.logentry", "pk": 24, "fields": {"action_time": "2018-02-16T21:31:37.669Z", "user": 1, "content_type": 7, "object_id": "3", "object_repr": "about/welcome", "action_flag": 2, "change_message": "[{\"changed\": {\"fields\": [\"content\"]}}]"}}, {"model": "admin.logentry", "pk": 25, "fields": {"action_time": "2018-02-16T22:55:33.667Z", "user": 1, "content_type": 7, "object_id": "1", "object_repr": "misc/test", "action_flag": 2, "change_message": "[{\"changed\": {\"fields\": [\"content\"]}}]"}}, {"model": "admin.logentry", "pk": 26, "fields": {"action_time": "2018-02-19T22:12:57.690Z", "user": 1, "content_type": 10, "object_id": "1", "object_repr": "John Clubb", "action_flag": 2, "change_message": "[]"}}, {"model": "admin.logentry", "pk": 27, "fields": {"action_time": "2018-02-19T22:48:49.545Z", "user": 1, "content_type": 8, "object_id": "3", "object_repr": "ignore", "action_flag": 2, "change_message": "[{\"changed\": {\"fields\": [\"description\"]}}]"}}, {"model": "admin.logentry", "pk": 28, "fields": {"action_time": "2018-02-20T16:19:55.287Z", "user": 1, "content_type": 8, "object_id": "4", "object_repr": "lorem", "action_flag": 1, "change_message": "[{\"added\": {}}]"}}, {"model": "admin.logentry", "pk": 29, "fields": {"action_time": "2018-02-20T16:20:43.815Z", "user": 1, "content_type": 9, "object_id": "3", "object_repr": "lorem", "action_flag": 1, "change_message": "[{\"added\": {}}]"}}, {"model": "admin.logentry", "pk": 30, "fields": {"action_time": "2018-02-20T16:20:48.212Z", "user": 1, "content_type": 9, "object_id": "4", "object_repr": "ipsum", "action_flag": 1, "change_message": "[{\"added\": {}}]"}}, {"model": "admin.logentry", "pk": 31, "fields": {"action_time": "2018-02-20T16:21:15.145Z", "user": 1, "content_type": 7, "object_id": "5", "object_repr": "lorem/lorem1", "action_flag": 1, "change_message": "[{\"added\": {}}]"}}, {"model": "admin.logentry", "pk": 32, "fields": {"action_time": "2018-02-20T16:22:12.717Z", "user": 1, "content_type": 7, "object_id": "6", "object_repr": "lorem/lorem2", "action_flag": 1, "change_message": "[{\"added\": {}}]"}}, {"model": "admin.logentry", "pk": 33, "fields": {"action_time": "2018-02-20T16:31:28.665Z", "user": 1, "content_type": 7, "object_id": "7", "object_repr": "lorem/lorem3", "action_flag": 1, "change_message": "[{\"added\": {}}]"}}, {"model": "admin.logentry", "pk": 34, "fields": {"action_time": "2018-02-20T16:31:42.675Z", "user": 1, "content_type": 7, "object_id": "6", "object_repr": "lorem/lorem2", "action_flag": 2, "change_message": "[{\"changed\": {\"fields\": [\"content\"]}}]"}}, {"model": "admin.logentry", "pk": 35, "fields": {"action_time": "2018-02-20T16:31:52.220Z", "user": 1, "content_type": 7, "object_id": "7", "object_repr": "lorem/lorem3", "action_flag": 2, "change_message": "[{\"changed\": {\"fields\": [\"content\"]}}]"}}, {"model": "admin.logentry", "pk": 36, "fields": {"action_time": "2018-02-20T16:33:06.309Z", "user": 1, "content_type": 7, "object_id": "5", "object_repr": "lorem/lorem1", "action_flag": 2, "change_message": "[{\"changed\": {\"fields\": [\"content\"]}}]"}}, {"model": "admin.logentry", "pk": 37, "fields": {"action_time": "2018-02-20T16:45:34.924Z", "user": 1, "content_type": 7, "object_id": "8", "object_repr": "lorem/lorem4", "action_flag": 1, "change_message": "[{\"added\": {}}]"}}, {"model": "admin.logentry", "pk": 38, "fields": {"action_time": "2018-02-20T16:50:18.843Z", "user": 1, "content_type": 8, "object_id": "5", "object_repr": "latin", "action_flag": 1, "change_message": "[{\"added\": {}}]"}}, {"model": "admin.logentry", "pk": 39, "fields": {"action_time": "2018-02-20T16:50:54.894Z", "user": 1, "content_type": 9, "object_id": "5", "object_repr": "latin", "action_flag": 1, "change_message": "[{\"added\": {}}]"}}, {"model": "admin.logentry", "pk": 40, "fields": {"action_time": "2018-02-20T16:51:02.746Z", "user": 1, "content_type": 7, "object_id": "9", "object_repr": "latin/lorem5", "action_flag": 1, "change_message": "[{\"added\": {}}]"}}, {"model": "admin.logentry", "pk": 41, "fields": {"action_time": "2018-02-20T16:51:16.784Z", "user": 1, "content_type": 8, "object_id": "6", "object_repr": "other", "action_flag": 1, "change_message": "[{\"added\": {}}]"}}, {"model": "admin.logentry", "pk": 42, "fields": {"action_time": "2018-02-20T16:52:26.014Z", "user": 1, "content_type": 7, "object_id": "10", "object_repr": "other/other", "action_flag": 1, "change_message": "[{\"added\": {}}]"}}, {"model": "admin.logentry", "pk": 43, "fields": {"action_time": "2018-02-20T16:52:50.559Z", "user": 1, "content_type": 8, "object_id": "7", "object_repr": "numbers", "action_flag": 1, "change_message": "[{\"added\": {}}]"}}, {"model": "admin.logentry", "pk": 44, "fields": {"action_time": "2018-02-20T16:53:28.008Z", "user": 1, "content_type": 7, "object_id": "11", "object_repr": "numbers/lorem7", "action_flag": 1, "change_message": "[{\"added\": {}}]"}}, {"model": "admin.logentry", "pk": 45, "fields": {"action_time": "2018-02-20T16:54:14.010Z", "user": 1, "content_type": 8, "object_id": "8", "object_repr": "more", "action_flag": 1, "change_message": "[{\"added\": {}}]"}}, {"model": "admin.logentry", "pk": 46, "fields": {"action_time": "2018-02-20T16:54:30.522Z", "user": 1, "content_type": 7, "object_id": "12", "object_repr": "more/lorem8", "action_flag": 1, "change_message": "[{\"added\": {}}]"}}, {"model": "admin.logentry", "pk": 47, "fields": {"action_time": "2018-07-30T20:31:29.195Z", "user": 1, "content_type": 7, "object_id": "13", "object_repr": "more/article-published-in-future", "action_flag": 1, "change_message": "[{\"added\": {}}]"}}, {"model": "admin.logentry", "pk": 48, "fields": {"action_time": "2018-07-30T20:44:32.622Z", "user": 1, "content_type": 8, "object_id": "9", "object_repr": "blank-series", "action_flag": 1, "change_message": "[{\"added\": {}}]"}}, {"model": "admin.logentry", "pk": 49, "fields": {"action_time": "2018-07-30T21:19:16.871Z", "user": 1, "content_type": 8, "object_id": "8", "object_repr": "more", "action_flag": 2, "change_message": "[{\"changed\": {\"fields\": [\"image\"]}}]"}}, {"model": "admin.logentry", "pk": 50, "fields": {"action_time": "2018-07-30T21:23:14.018Z", "user": 1, "content_type": 8, "object_id": "8", "object_repr": "more", "action_flag": 2, "change_message": "[{\"changed\": {\"fields\": [\"image\"]}}]"}}, {"model": "admin.logentry", "pk": 51, "fields": {"action_time": "2018-07-30T21:23:20.506Z", "user": 1, "content_type": 8, "object_id": "8", "object_repr": "more", "action_flag": 2, "change_message": "[{\"changed\": {\"fields\": [\"image\"]}}]"}}, {"model": "admin.logentry", "pk": 52, "fields": {"action_time": "2018-07-31T18:31:52.397Z", "user": 1, "content_type": 7, "object_id": "14", "object_repr": "more/newest-article", "action_flag": 1, "change_message": "[{\"added\": {}}]"}}, {"model": "admin.logentry", "pk": 53, "fields": {"action_time": "2018-07-31T20:57:08.513Z", "user": 1, "content_type": 7, "object_id": "15", "object_repr": "latin/latin2", "action_flag": 1, "change_message": "[{\"added\": {}}]"}}, {"model": "admin.logentry", "pk": 54, "fields": {"action_time": "2018-07-31T20:59:07.006Z", "user": 1, "content_type": 7, "object_id": "15", "object_repr": "latin/latin2", "action_flag": 2, "change_message": "[]"}}, {"model": "admin.logentry", "pk": 55, "fields": {"action_time": "2018-07-31T21:08:39.028Z", "user": 1, "content_type": 7, "object_id": "15", "object_repr": "latin/latin2", "action_flag": 3, "change_message": ""}}, {"model": "admin.logentry", "pk": 56, "fields": {"action_time": "2018-07-31T21:09:03.006Z", "user": 1, "content_type": 7, "object_id": "16", "object_repr": "latin/latin-two", "action_flag": 1, "change_message": "[{\"added\": {}}]"}}, {"model": "admin.logentry", "pk": 57, "fields": {"action_time": "2018-07-31T21:10:12.214Z", "user": 1, "content_type": 7, "object_id": "16", "object_repr": "latin/latin-two", "action_flag": 2, "change_message": "[{\"changed\": {\"fields\": [\"publish_date\"]}}]"}}, {"model": "admin.logentry", "pk": 58, "fields": {"action_time": "2018-07-31T21:11:10.753Z", "user": 1, "content_type": 7, "object_id": "16", "object_repr": "latin/latin-two", "action_flag": 2, "change_message": "[{\"changed\": {\"fields\": [\"publish_date\"]}}]"}}, {"model": "admin.logentry", "pk": 59, "fields": {"action_time": "2018-07-31T21:13:45.745Z", "user": 1, "content_type": 7, "object_id": "16", "object_repr": "latin/latin-two", "action_flag": 2, "change_message": "[{\"changed\": {\"fields\": [\"publish_date\"]}}]"}}, {"model": "admin.logentry", "pk": 60, "fields": {"action_time": "2018-08-02T16:06:01.026Z", "user": 1, "content_type": 8, "object_id": "10", "object_repr": "wyverns-and-whimsy", "action_flag": 1, "change_message": "[{\"added\": {}}]"}}, {"model": "admin.logentry", "pk": 61, "fields": {"action_time": "2018-08-02T16:06:44.340Z", "user": 1, "content_type": 9, "object_id": "6", "object_repr": "d&d", "action_flag": 1, "change_message": "[{\"added\": {}}]"}}, {"model": "admin.logentry", "pk": 62, "fields": {"action_time": "2018-08-02T16:06:50.169Z", "user": 1, "content_type": 9, "object_id": "7", "object_repr": "w&w", "action_flag": 1, "change_message": "[{\"added\": {}}]"}}, {"model": "admin.logentry", "pk": 63, "fields": {"action_time": "2018-08-02T16:06:53.198Z", "user": 1, "content_type": 9, "object_id": "8", "object_repr": "wyverns", "action_flag": 1, "change_message": "[{\"added\": {}}]"}}, {"model": "admin.logentry", "pk": 64, "fields": {"action_time": "2018-08-02T16:06:55.790Z", "user": 1, "content_type": 9, "object_id": "9", "object_repr": "whimsy", "action_flag": 1, "change_message": "[{\"added\": {}}]"}}, {"model": "admin.logentry", "pk": 65, "fields": {"action_time": "2018-08-02T16:06:58.228Z", "user": 1, "content_type": 9, "object_id": "10", "object_repr": "dungeons", "action_flag": 1, "change_message": "[{\"added\": {}}]"}}, {"model": "admin.logentry", "pk": 66, "fields": {"action_time": "2018-08-02T16:07:02.250Z", "user": 1, "content_type": 9, "object_id": "11", "object_repr": "dragons", "action_flag": 1, "change_message": "[{\"added\": {}}]"}}, {"model": "admin.logentry", "pk": 67, "fields": {"action_time": "2018-08-02T16:07:15.490Z", "user": 1, "content_type": 7, "object_id": "17", "object_repr": "wyverns-and-whimsy/wyverns-1", "action_flag": 1, "change_message": "[{\"added\": {}}]"}}, {"model": "admin.logentry", "pk": 68, "fields": {"action_time": "2018-08-02T16:13:40.044Z", "user": 1, "content_type": 7, "object_id": "18", "object_repr": "about/about-me", "action_flag": 1, "change_message": "[{\"added\": {}}]"}}, {"model": "admin.logentry", "pk": 69, "fields": {"action_time": "2018-08-02T16:41:32.812Z", "user": 1, "content_type": 7, "object_id": "19", "object_repr": "about/portfolio", "action_flag": 1, "change_message": "[{\"added\": {}}]"}}, {"model": "admin.logentry", "pk": 70, "fields": {"action_time": "2018-08-02T19:03:33.967Z", "user": 1, "content_type": 7, "object_id": "20", "object_repr": "numbers/new-test-article", "action_flag": 1, "change_message": "[{\"added\": {}}]"}}, {"model": "admin.logentry", "pk": 71, "fields": {"action_time": "2018-08-02T19:19:14.596Z", "user": 1, "content_type": 7, "object_id": "20", "object_repr": "numbers/new-test-article", "action_flag": 2, "change_message": "[{\"changed\": {\"fields\": [\"publish_date\"]}}]"}}, {"model": "admin.logentry", "pk": 72, "fields": {"action_time": "2018-08-02T19:24:44.890Z", "user": 1, "content_type": 7, "object_id": "20", "object_repr": "numbers/new-test-article", "action_flag": 2, "change_message": "[{\"changed\": {\"fields\": [\"publish_date\"]}}]"}}, {"model": "admin.logentry", "pk": 73, "fields": {"action_time": "2018-08-02T20:01:01.691Z", "user": 1, "content_type": 8, "object_id": "2", "object_repr": "about", "action_flag": 2, "change_message": "[{\"changed\": {\"fields\": [\"image\"]}}]"}}, {"model": "admin.logentry", "pk": 74, "fields": {"action_time": "2018-08-06T21:23:34.034Z", "user": 1, "content_type": 10, "object_id": "1", "object_repr": "John Clubb", "action_flag": 2, "change_message": "[{\"changed\": {\"fields\": [\"image\"]}}]"}}, {"model": "admin.logentry", "pk": 75, "fields": {"action_time": "2018-08-07T15:54:57.799Z", "user": 1, "content_type": 10, "object_id": "1", "object_repr": "John Clubb2", "action_flag": 1, "change_message": "[{\"added\": {}}]"}}, {"model": "admin.logentry", "pk": 76, "fields": {"action_time": "2018-08-07T15:55:09.102Z", "user": 1, "content_type": 10, "object_id": "1", "object_repr": "John Clubb2", "action_flag": 2, "change_message": "[{\"changed\": {\"fields\": [\"image_raw\"]}}]"}}, {"model": "admin.logentry", "pk": 77, "fields": {"action_time": "2018-08-07T16:02:12.985Z", "user": 1, "content_type": 10, "object_id": "1", "object_repr": "Barry Bluejeans", "action_flag": 1, "change_message": "[{\"added\": {}}]"}}, {"model": "admin.logentry", "pk": 78, "fields": {"action_time": "2018-08-07T17:02:35.766Z", "user": 1, "content_type": 10, "object_id": "1", "object_repr": "Barry Bluejeans", "action_flag": 2, "change_message": "[]"}}, {"model": "admin.logentry", "pk": 79, "fields": {"action_time": "2018-08-07T17:04:26.347Z", "user": 1, "content_type": 8, "object_id": "8", "object_repr": "more", "action_flag": 2, "change_message": "[]"}}, {"model": "admin.logentry", "pk": 80, "fields": {"action_time": "2018-08-07T19:11:26.519Z", "user": 1, "content_type": 8, "object_id": "4", "object_repr": "lorem", "action_flag": 2, "change_message": "[{\"changed\": {\"fields\": [\"image_raw\"]}}]"}}, {"model": "admin.logentry", "pk": 81, "fields": {"action_time": "2018-08-07T19:19:14.091Z", "user": 1, "content_type": 7, "object_id": "17", "object_repr": "wyverns-and-whimsy/wyverns-1", "action_flag": 2, "change_message": "[{\"changed\": {\"fields\": [\"image_raw\"]}}]"}}, {"model": "admin.logentry", "pk": 82, "fields": {"action_time": "2018-08-07T21:11:19.007Z", "user": 1, "content_type": 8, "object_id": "8", "object_repr": "more", "action_flag": 2, "change_message": "[]"}}, {"model": "admin.logentry", "pk": 83, "fields": {"action_time": "2018-08-07T21:11:27.166Z", "user": 1, "content_type": 8, "object_id": "4", "object_repr": "lorem", "action_flag": 2, "change_message": "[]"}}, {"model": "admin.logentry", "pk": 84, "fields": {"action_time": "2018-08-07T21:11:36.149Z", "user": 1, "content_type": 7, "object_id": "17", "object_repr": "wyverns-and-whimsy/wyverns-1", "action_flag": 2, "change_message": "[]"}}, {"model": "admin.logentry", "pk": 85, "fields": {"action_time": "2018-08-08T16:10:28.211Z", "user": 1, "content_type": 7, "object_id": "17", "object_repr": "wyverns-and-whimsy/wyverns-1", "action_flag": 2, "change_message": "[{\"changed\": {\"fields\": [\"audio\"]}}]"}}]